SNB data portal,,,,,,,,,,,,,
https://data.snb.ch/en,,,,,,,,,,,,,
,,,,,,,,,,,,,
Table selection,,,,,,,,,,,,,
"Interest rates, yields and foreign exchange market",,,,,,,,,,,,,
Yields on bond issues – Month,,,,,,,,,,,,,
https://data.snb.ch/en/topics/ziredev/cube/rendoblim,,,,,,,,,,,,,
,,,,,,,,,,,,,
"Please note: This file contains information on breaks in series, but no other information or links.",,,,,,,,,,,,,
"In order to understand the values in this file, it may be necessary to consult the corresponding table.",,,,,,,,,,,,,
"For copyright reasons, the downloading of data series can be restricted.",,,,,,,,,,,,,
,,,,,,,,,,,,,
Unit,In percent,,,,,,,,,,,,
Frequency,End of month,,,,,,,,,,,,
Cube ID,rendoblim,,,,,,,,,,,,
Overview,CHF Swiss Confederation bond issues - 1 year,CHF Swiss Confederation bond issues - 2 years,CHF Swiss Confederation bond issues - 3 years,CHF Swiss Confederation bond issues - 4 years,CHF Swiss Confederation bond issues - 5 years,CHF Swiss Confederation bond issues - 6 years,CHF Swiss Confederation bond issues - 7 years,CHF Swiss Confederation bond issues - 8 years,CHF Swiss Confederation bond issues - 9 years,CHF Swiss Confederation bond issues - 10 years,CHF Swiss Confederation bond issues - 15 years,CHF Swiss Confederation bond issues - 20 years,CHF Swiss Confederation bond issues - 30 years
,EPB@SNB.rendoblim{1J},EPB@SNB.rendoblim{2J},EPB@SNB.rendoblim{3J},EPB@SNB.rendoblim{4J},EPB@SNB.rendoblim{5J},EPB@SNB.rendoblim{6J},EPB@SNB.rendoblim{7J},EPB@SNB.rendoblim{8J},EPB@SNB.rendoblim{9J},EPB@SNB.rendoblim{10J},EPB@SNB.rendoblim{15J},EPB@SNB.rendoblim{20J},EPB@SNB.rendoblim{30J}
1988-01,2.887,3.218,3.393,3.554,3.695,3.81,3.904,3.98,4.041,4.092,4.247,4.326,
1988-02,2.638,2.99,3.271,3.498,3.672,3.804,3.905,3.984,4.047,4.098,4.254,4.332,
1988-03,2.641,3.263,3.573,3.734,3.823,3.878,3.916,3.946,3.972,3.998,4.126,4.255,
1988-04,2.8,3.25,3.467,3.594,3.684,3.757,3.819,3.874,3.923,3.965,4.115,4.2,
1988-05,3.191,3.602,3.802,3.909,3.974,4.019,4.054,4.082,4.106,4.127,4.201,4.247,
1988-06,3.642,3.707,3.764,3.83,3.897,3.96,4.017,4.069,4.115,4.155,4.298,4.38,
1988-07,4.161,4.195,4.206,4.212,4.215,4.218,4.219,4.221,4.222,4.222,4.225,4.226,
1988-08,4.044,3.959,3.943,3.981,4.037,4.096,4.153,4.204,4.251,4.292,4.432,4.498,
1988-09,3.814,3.798,3.871,3.962,4.041,4.105,4.156,4.197,4.23,4.257,4.339,4.381,
1988-10,4.108,4.157,4.089,4.025,3.986,3.967,3.965,3.974,3.991,4.014,4.186,4.406,
1988-11,4.506,4.29,4.144,4.054,4.003,3.981,3.979,3.991,4.013,4.042,4.222,4.387,
1988-12,4.691,4.425,4.24,4.131,4.074,4.05,4.048,4.06,4.081,4.107,4.254,4.374,
1989-01,5.651,5.14,4.862,4.727,4.653,4.606,4.574,4.55,4.531,4.517,4.472,4.45,
1989-02,6.079,5.522,5.202,5.03,4.926,4.857,4.808,4.771,4.742,4.719,4.65,4.615,
1989-03,5.993,5.473,5.179,5.035,4.954,4.901,4.864,4.836,4.815,4.798,4.746,4.72,
1989-04,6.443,5.845,5.439,5.231,5.132,5.086,5.066,5.058,5.055,5.054,5.058,5.061,
1989-05,7.446,6.476,5.926,5.639,5.483,5.392,5.334,5.294,5.265,5.242,5.176,5.143,
1989-06,6.922,6.019,5.455,5.178,5.066,5.035,5.041,5.06,5.083,5.105,5.186,5.229,
1989-07,6.397,5.618,5.273,5.153,5.123,5.125,5.136,5.15,5.162,5.173,5.208,5.226,
1989-08,7.07,6.145,5.567,5.297,5.19,5.159,5.158,5.168,5.182,5.195,5.241,5.265,
1989-09,7.606,6.648,5.979,5.625,5.451,5.37,5.332,5.317,5.312,5.311,5.323,5.331,
1989-10,7.534,6.571,6.029,5.743,5.581,5.482,5.417,5.371,5.337,5.31,5.233,5.195,
1989-11,7.456,6.45,5.92,5.689,5.582,5.526,5.491,5.468,5.45,5.437,5.396,5.376,
1989-12,8.069,6.736,6.128,5.875,5.764,5.707,5.673,5.649,5.632,5.618,5.577,5.556,
1990-01,9.093,7.649,6.841,6.456,6.269,6.172,6.117,6.082,6.058,6.04,5.991,5.967,
1990-02,8.788,7.785,7.236,6.918,6.714,6.575,6.474,6.398,6.339,6.292,6.15,6.079,
1990-03,8.683,7.734,7.163,6.871,6.717,6.627,6.57,6.529,6.499,6.475,6.405,6.37,
1990-04,8.971,7.831,7.182,6.881,6.745,6.683,6.655,6.641,6.633,6.629,6.622,6.619,
1990-05,8.014,6.923,6.531,6.402,6.355,6.333,6.321,6.312,6.305,6.3,6.285,6.277,
1990-06,8.123,6.988,6.508,6.323,6.246,6.208,6.184,6.168,6.156,6.147,6.119,6.105,
1990-07,8.263,6.931,6.347,6.143,6.08,6.065,6.065,6.069,6.074,6.078,6.093,6.1,
1990-08,8.321,7.38,6.885,6.665,6.566,6.52,6.5,6.49,6.486,6.484,6.483,6.484,
1990-09,7.952,7.071,6.717,6.598,6.555,6.536,6.525,6.518,6.513,6.509,6.497,6.491,
1990-10,7.796,6.983,6.695,6.595,6.553,6.531,6.516,6.506,6.498,6.491,6.472,6.463,
1990-11,8.36,7.363,6.923,6.753,6.677,6.635,6.609,6.589,6.574,6.563,6.527,6.51,
1990-12,8.152,7.358,6.927,6.728,6.643,6.609,6.598,6.596,6.598,6.601,6.615,6.623,
1991-01,7.755,6.952,6.574,6.44,6.402,6.395,6.399,6.404,6.41,6.415,6.43,6.438,
1991-02,7.66,6.925,6.534,6.352,6.271,6.236,6.223,6.219,6.219,6.221,6.231,6.237,
1991-03,7.629,6.702,6.355,6.231,6.185,6.167,6.16,6.157,6.156,6.155,6.153,6.152,
1991-04,7.81,6.851,6.424,6.237,6.146,6.096,6.065,6.044,6.028,6.016,5.979,5.961,
1991-05,7.544,6.61,6.129,5.925,5.844,5.814,5.806,5.806,5.809,5.813,5.829,5.838,
1991-06,7.644,6.753,6.25,6.039,5.964,5.945,5.946,5.954,5.963,5.971,6,6.015,
1991-07,7.451,6.695,6.36,6.204,6.123,6.076,6.045,6.024,6.008,5.996,5.959,5.941,
1991-08,7.501,6.775,6.463,6.324,6.248,6.2,6.167,6.142,6.122,6.107,6.06,6.036,
1991-09,7.39,6.661,6.445,6.353,6.301,6.266,6.242,6.223,6.209,6.198,6.164,6.146,
1991-10,7.839,7.26,7.048,6.944,6.88,6.834,6.795,6.761,6.729,6.698,6.541,6.384,
1991-11,7.636,7.056,6.809,6.701,6.653,6.634,6.629,6.629,6.633,6.637,6.658,6.67,
1991-12,7.415,6.578,6.379,6.349,6.35,6.356,6.361,6.365,6.368,6.37,6.378,6.382,
1992-01,7.22,6.627,6.304,6.179,6.143,6.14,6.147,6.157,6.167,6.175,6.201,6.214,
1992-02,7.242,6.697,6.419,6.288,6.222,6.186,6.164,6.15,6.14,6.132,6.11,6.099,
1992-03,7.917,6.938,6.608,6.536,6.546,6.576,6.608,6.635,6.658,6.676,6.733,6.762,
1992-04,8.104,7.228,6.854,6.705,6.639,6.604,6.581,6.566,6.554,6.545,6.517,6.503,
1992-05,8.494,7.522,7.071,6.89,6.828,6.815,6.821,6.834,6.848,6.861,6.906,6.93,
1992-06,8.513,7.622,7.27,7.122,7.048,7.004,6.975,6.953,6.937,6.924,6.885,6.865,
1992-07,8.322,7.65,7.31,7.143,7.048,6.987,6.944,6.912,6.887,6.867,6.807,6.778,
1992-08,7.7,7.292,7.061,6.959,6.913,6.889,6.875,6.866,6.859,6.854,6.838,6.83,
1992-09,6.959,6.779,6.606,6.478,6.393,6.341,6.312,6.298,6.292,6.292,6.312,6.33,
1992-10,5.95,5.821,5.791,5.816,5.865,5.923,5.979,6.028,6.065,6.092,6.062,5.851,
1992-11,6.064,5.887,5.845,5.867,5.913,5.963,6.006,6.038,6.056,6.063,5.961,5.762,
1992-12,5.797,5.529,5.433,5.428,5.466,5.519,5.573,5.619,5.655,5.68,5.663,5.526,
1993-01,5.139,5.114,5.14,5.195,5.263,5.333,5.399,5.456,5.503,5.539,5.549,5.36,
1993-02,4.894,4.785,4.826,4.872,4.899,4.911,4.914,4.913,4.91,4.907,4.895,4.888,
1993-03,4.509,4.444,4.475,4.522,4.566,4.602,4.631,4.654,4.673,4.688,4.733,4.756,
1993-04,4.47,4.267,4.346,4.473,4.582,4.666,4.729,4.777,4.815,4.845,4.936,4.981,
1993-05,4.626,4.257,4.239,4.348,4.474,4.584,4.673,4.743,4.8,4.846,4.985,5.054,
1993-06,4.54,4.364,4.352,4.389,4.432,4.471,4.503,4.529,4.549,4.566,4.617,4.643,
1993-07,4.317,4.259,4.308,4.376,4.434,4.479,4.51,4.53,4.542,4.546,4.5,4.39,
1993-08,4.336,4.225,4.268,4.335,4.392,4.432,4.457,4.471,4.478,4.479,4.453,4.418,
1993-09,4.213,4.111,4.132,4.195,4.264,4.325,4.374,4.411,4.438,4.455,4.452,4.379,
1993-10,3.999,3.888,3.926,3.993,4.056,4.105,4.142,4.17,4.192,4.208,4.251,4.268,
1993-11,3.867,3.767,3.831,3.927,4.015,4.087,4.143,4.186,4.22,4.247,4.328,4.368,
1993-12,3.552,3.457,3.534,3.658,3.781,3.886,3.971,4.039,4.093,4.136,4.261,4.321,
1994-01,3.653,3.543,3.613,3.733,3.854,3.957,4.042,4.109,4.163,4.206,4.331,4.391,
1994-02,3.806,3.686,3.807,3.969,4.109,4.22,4.305,4.371,4.423,4.465,4.591,4.654,
1994-03,3.941,3.948,4.035,4.146,4.258,4.358,4.445,4.519,4.582,4.634,4.802,4.889,
1994-04,4.033,4.193,4.347,4.49,4.621,4.737,4.839,4.926,5.001,5.062,5.218,5.203,
1994-05,4.045,3.978,4.131,4.334,4.523,4.681,4.807,4.907,4.984,5.046,5.223,5.307,
1994-06,4.367,4.343,4.513,4.721,4.897,5.034,5.139,5.219,5.283,5.334,5.488,5.565,
1994-07,4.452,4.449,4.552,4.701,4.846,4.97,5.071,5.153,5.219,5.273,5.439,5.523,
1994-08,4.605,4.776,4.919,5.049,5.16,5.253,5.33,5.394,5.447,5.492,5.637,5.713,
1994-09,4.535,4.843,5.04,5.188,5.306,5.402,5.48,5.543,5.594,5.636,5.762,5.821,
1994-10,4.336,4.761,5.021,5.188,5.302,5.385,5.45,5.504,5.551,5.594,5.758,5.869,
1994-11,4.424,4.723,4.915,5.051,5.148,5.218,5.271,5.311,5.343,5.368,5.445,5.483,
1994-12,4.586,4.718,4.842,4.957,5.051,5.126,5.186,5.234,5.272,5.304,5.401,5.45,
1995-01,4.423,4.64,4.799,4.932,5.04,5.125,5.192,5.245,5.287,5.322,5.429,5.483,
1995-02,4.259,4.595,4.791,4.93,5.036,5.12,5.188,5.243,5.288,5.325,5.44,5.499,
1995-03,3.812,4.2,4.467,4.662,4.808,4.92,5.007,5.077,5.133,5.179,5.321,5.393,
1995-04,3.644,3.955,4.206,4.41,4.574,4.707,4.815,4.902,4.974,5.033,5.219,5.314,
1995-05,3.48,3.815,4.069,4.268,4.426,4.554,4.658,4.743,4.814,4.873,5.063,5.162,
1995-06,3.322,3.682,3.969,4.201,4.39,4.545,4.671,4.776,4.863,4.936,5.168,5.289,
1995-07,3.034,3.46,3.799,4.069,4.284,4.455,4.592,4.701,4.788,4.859,5.053,5.127,
1995-08,3.065,3.461,3.748,3.976,4.164,4.319,4.449,4.558,4.651,4.73,4.993,5.135,
1995-09,2.58,2.945,3.248,3.52,3.761,3.971,4.153,4.308,4.441,4.555,4.93,5.129,
1995-10,2.187,2.758,3.117,3.392,3.623,3.821,3.992,4.14,4.268,4.38,4.759,4.967,
1995-11,1.896,2.259,2.68,3.043,3.331,3.554,3.727,3.862,3.97,4.057,4.322,4.455,
1995-12,1.783,2.278,2.75,3.123,3.405,3.619,3.782,3.909,4.01,4.09,4.322,4.43,
1996-01,1.798,2.242,2.69,3.092,3.433,3.717,3.951,4.144,4.304,4.437,4.86,5.078,
1996-02,1.883,2.378,2.779,3.114,3.399,3.645,3.859,4.047,4.212,4.358,4.878,5.184,
1996-03,1.829,2.223,2.633,3.011,3.344,3.631,3.875,4.082,4.257,4.406,4.89,5.144,
1996-04,1.867,2.17,2.534,2.896,3.228,3.52,3.773,3.989,4.172,4.329,4.84,5.109,
1996-05,2.649,2.91,3.21,3.499,3.762,3.997,4.204,4.386,4.544,4.682,5.156,5.418,
1996-06,2.594,2.761,3.13,3.501,3.813,4.061,4.254,4.407,4.528,4.627,4.926,5.076,
1996-07,2.517,2.73,3.067,3.401,3.695,3.941,4.144,4.311,4.448,4.561,4.914,5.094,
1996-08,2.206,2.503,2.871,3.22,3.527,3.788,4.006,4.188,4.34,4.467,4.871,5.08,
1996-09,1.772,2.201,2.581,2.928,3.237,3.508,3.741,3.94,4.111,4.256,4.735,4.988,
1996-10,1.748,1.997,2.368,2.743,3.084,3.379,3.63,3.841,4.017,4.166,4.64,4.885,
1996-11,2.067,2.249,2.565,2.901,3.211,3.479,3.707,3.897,4.057,4.191,4.616,4.835,
1996-12,1.723,2.049,2.402,2.743,3.056,3.334,3.577,3.787,3.969,4.125,4.643,4.919,
1997-01,1.687,1.98,2.305,2.625,2.922,3.189,3.424,3.628,3.805,3.959,4.473,4.75,
1997-02,1.571,1.726,1.968,2.237,2.501,2.749,2.974,3.176,3.356,3.517,4.096,4.441,
1997-03,1.72,1.953,2.238,2.531,2.811,3.068,3.299,3.506,3.69,3.853,4.44,4.793,
1997-04,1.772,1.862,2.105,2.397,2.688,2.96,3.203,3.418,3.606,3.769,4.319,4.616,
1997-05,1.287,1.594,1.937,2.257,2.547,2.806,3.036,3.241,3.423,3.586,4.175,4.528,
1997-06,1.406,1.653,1.93,2.213,2.484,2.736,2.966,3.173,3.358,3.522,4.103,4.435,
1997-07,1.552,1.743,2.019,2.307,2.582,2.834,3.06,3.259,3.433,3.585,4.104,4.389,
1997-08,1.608,1.868,2.174,2.469,2.74,2.981,3.195,3.383,3.548,3.692,4.19,4.469,
1997-09,1.718,2.002,2.298,2.574,2.822,3.044,3.24,3.414,3.568,3.704,4.188,4.47,
1997-10,2.006,2.24,2.491,2.73,2.948,3.142,3.315,3.467,3.601,3.719,4.131,4.366,
1997-11,1.953,2.13,2.386,2.643,2.879,3.089,3.273,3.433,3.572,3.692,4.098,4.319,
1997-12,1.658,1.883,2.136,2.384,2.614,2.821,3.006,3.171,3.316,3.445,3.903,4.167,4.445
1998-01,1.407,1.583,1.809,2.039,2.256,2.455,2.636,2.801,2.949,3.084,3.593,3.917,4.284
1998-02,1.128,1.369,1.619,1.86,2.084,2.291,2.481,2.656,2.816,2.964,3.543,3.936,4.408
1998-03,1.568,1.758,1.946,2.131,2.313,2.488,2.657,2.817,2.968,3.109,3.68,4.065,4.51
1998-04,1.715,1.981,2.205,2.403,2.585,2.756,2.916,3.068,3.211,3.344,3.888,4.255,4.677
1998-05,1.72,1.921,2.111,2.291,2.461,2.622,2.773,2.916,3.051,3.179,3.722,4.137,4.712
1998-06,2.117,2.216,2.333,2.466,2.608,2.754,2.899,3.041,3.178,3.308,3.851,4.228,4.674
1998-07,1.982,2.067,2.198,2.347,2.499,2.649,2.794,2.932,3.064,3.19,3.722,4.12,4.641
1998-08,1.59,1.756,1.924,2.089,2.25,2.407,2.559,2.706,2.849,2.988,3.618,4.156,4.703
1998-09,1.722,1.74,1.785,1.922,2.115,2.329,2.542,2.742,2.924,3.086,3.652,3.964,4.281
1998-10,1.398,1.484,1.573,1.731,1.934,2.152,2.368,2.569,2.751,2.914,3.483,3.796,4.115
1998-11,1.684,1.747,1.788,1.847,1.935,2.05,2.186,2.338,2.497,2.659,3.41,3.974,4.651
1998-12,1.753,1.728,1.719,1.805,1.946,2.11,2.276,2.434,2.58,2.71,3.17,3.425,4.783
1999-01,1.381,1.568,1.656,1.735,1.831,1.951,2.089,2.24,2.397,2.555,3.264,3.776,4.373
1999-02,1.293,1.491,1.632,1.744,1.854,1.974,2.107,2.25,2.399,2.55,3.253,3.784,4.426
1999-03,1.375,1.554,1.664,1.764,1.875,2.002,2.143,2.294,2.449,2.604,3.304,3.815,4.416
1999-04,1.171,1.376,1.537,1.68,1.819,1.959,2.101,2.245,2.39,2.534,3.194,3.705,4.346
1999-05,1.17,1.41,1.616,1.803,1.976,2.139,2.294,2.443,2.585,2.72,3.312,3.775,4.414
1999-06,1.588,1.929,2.138,2.282,2.398,2.503,2.608,2.714,2.824,2.937,3.493,3.97,4.624
1999-07,1.676,2.092,2.299,2.426,2.528,2.626,2.726,2.83,2.936,3.044,3.563,4.009,4.677
1999-08,1.72,2.204,2.456,2.603,2.708,2.799,2.888,2.979,3.073,3.169,3.633,4.016,4.529
1999-09,2.11,2.527,2.724,2.845,2.944,3.039,3.135,3.233,3.33,3.427,3.861,4.199,4.647
1999-10,2.536,2.991,3.104,3.148,3.196,3.263,3.345,3.436,3.53,3.625,4.054,4.379,4.792
1999-11,2.435,2.834,2.933,2.996,3.083,3.196,3.322,3.451,3.575,3.69,4.117,4.362,4.614
1999-12,2.17,2.539,2.715,2.851,2.986,3.123,3.257,3.386,3.506,3.617,4.029,4.276,4.535
2000-01,2.538,2.829,3.027,3.177,3.302,3.414,3.516,3.611,3.7,3.784,4.128,4.368,4.657
2000-02,2.984,3.25,3.324,3.38,3.45,3.532,3.619,3.706,3.79,3.868,4.175,4.369,4.581
2000-03,3.459,3.637,3.646,3.67,3.729,3.812,3.903,3.994,4.078,4.155,4.424,4.572,4.722
2000-04,3.612,3.765,3.799,3.82,3.849,3.887,3.931,3.979,4.028,4.076,4.295,4.465,4.692
2000-05,3.721,3.879,3.888,3.899,3.931,3.977,4.029,4.084,4.138,4.19,4.4,4.539,4.694
2000-06,3.738,3.8,3.783,3.781,3.799,3.832,3.872,3.916,3.962,4.008,4.221,4.395,4.642
2000-07,3.901,3.943,3.883,3.847,3.841,3.854,3.879,3.909,3.942,3.976,4.135,4.261,4.43
2000-08,3.843,3.804,3.721,3.685,3.684,3.702,3.731,3.765,3.802,3.84,4.023,4.177,4.401
2000-09,3.633,3.615,3.619,3.654,3.702,3.754,3.807,3.858,3.907,3.954,4.147,4.284,4.449
2000-10,3.598,3.578,3.585,3.623,3.672,3.726,3.779,3.831,3.88,3.927,4.123,4.265,4.446
2000-11,3.607,3.614,3.576,3.568,3.583,3.613,3.649,3.689,3.73,3.771,3.961,4.115,4.325
2000-12,3.277,3.232,3.22,3.236,3.271,3.319,3.374,3.433,3.493,3.552,3.806,3.983,4.188
2001-01,3.225,3.162,3.145,3.158,3.193,3.242,3.3,3.364,3.43,3.497,3.799,4.02,4.28
2001-02,3.253,3.156,3.122,3.132,3.169,3.222,3.285,3.354,3.423,3.492,3.796,4.013,4.267
2001-03,3.038,2.996,2.996,3.013,3.044,3.087,3.139,3.198,3.261,3.327,3.652,3.925,4.294
2001-04,3.143,3.163,3.181,3.205,3.239,3.284,3.337,3.397,3.461,3.529,3.865,4.141,4.496
2001-05,3.167,3.175,3.191,3.221,3.262,3.311,3.368,3.428,3.491,3.556,3.871,4.14,4.519
2001-06,3.128,3.103,3.093,3.102,3.127,3.164,3.211,3.264,3.322,3.383,3.695,3.972,4.369
2001-07,3.098,3.045,3.027,3.037,3.067,3.111,3.165,3.225,3.29,3.357,3.684,3.954,4.314
2001-08,2.807,2.814,2.879,2.943,3.003,3.064,3.126,3.189,3.253,3.317,3.62,3.87,4.211
2001-09,2.261,2.426,2.571,2.703,2.824,2.935,3.038,3.133,3.221,3.302,3.63,3.86,4.151
2001-10,1.856,2.058,2.251,2.406,2.535,2.648,2.749,2.841,2.926,3.005,3.332,3.577,3.915
2001-11,2.147,2.376,2.536,2.672,2.792,2.902,3.002,3.095,3.181,3.261,3.584,3.816,4.113
2001-12,2.107,2.454,2.72,2.927,3.089,3.219,3.326,3.414,3.49,3.555,3.8,3.977,4.223
2002-01,2.117,2.575,2.878,3.082,3.225,3.329,3.41,3.477,3.536,3.59,3.826,4.024,4.3
2002-02,2.128,2.476,2.748,2.961,3.13,3.265,3.376,3.467,3.544,3.61,3.848,4.016,4.261
2002-03,2.112,2.592,2.892,3.088,3.227,3.334,3.422,3.499,3.57,3.636,3.906,4.093,4.307
2002-04,2.011,2.381,2.658,2.87,3.035,3.168,3.278,3.372,3.454,3.528,3.821,4.04,4.336
2002-05,1.73,2.192,2.509,2.739,2.915,3.057,3.178,3.284,3.379,3.465,3.803,4.028,4.283
2002-06,1.659,2.072,2.355,2.562,2.727,2.865,2.988,3.1,3.203,3.299,3.691,3.96,4.271
2002-07,1.078,1.56,1.939,2.244,2.494,2.701,2.874,3.019,3.143,3.248,3.597,3.786,3.979
2002-08,0.934,1.384,1.776,2.1,2.368,2.591,2.779,2.938,3.075,3.192,3.587,3.806,4.032
2002-09,0.979,1.275,1.539,1.776,1.989,2.179,2.349,2.501,2.638,2.761,3.213,3.498,3.878
2002-10,0.71,1.072,1.424,1.731,1.994,2.22,2.415,2.584,2.733,2.863,3.327,3.6,3.894
2002-11,0.923,1.224,1.497,1.743,1.966,2.167,2.349,2.515,2.664,2.799,3.309,3.625,3.952
2002-12,0.559,0.786,1.062,1.318,1.547,1.751,1.935,2.102,2.255,2.396,2.96,3.356,3.856
2003-01,0.601,0.827,1.075,1.315,1.538,1.742,1.929,2.099,2.254,2.396,2.953,3.323,3.745
2003-02,0.478,0.673,0.931,1.194,1.442,1.669,1.873,2.058,2.224,2.375,2.952,3.333,3.787
2003-03,0.445,0.781,1.078,1.346,1.59,1.813,2.018,2.206,2.378,2.537,3.156,3.566,4.024
2003-04,0.44,0.823,1.171,1.474,1.738,1.97,2.175,2.355,2.516,2.659,3.18,3.499,3.85
2003-05,0.299,0.598,0.898,1.175,1.425,1.65,1.853,2.038,2.206,2.358,2.95,3.342,3.806
2003-06,0.341,0.664,1.003,1.321,1.609,1.863,2.087,2.283,2.455,2.607,3.14,3.446,3.767
2003-07,0.357,0.721,1.088,1.422,1.715,1.966,2.182,2.367,2.527,2.666,3.157,3.453,3.786
2003-08,0.388,0.862,1.3,1.665,1.963,2.208,2.413,2.589,2.741,2.875,3.348,3.627,3.924
2003-09,0.315,0.729,1.145,1.508,1.813,2.068,2.284,2.471,2.633,2.777,3.301,3.624,3.98
2003-10,0.462,0.948,1.381,1.734,2.017,2.249,2.444,2.61,2.755,2.882,3.348,3.633,3.945
2003-11,0.55,1.081,1.535,1.895,2.179,2.406,2.592,2.748,2.88,2.993,3.38,3.596,3.821
2003-12,0.484,0.938,1.367,1.722,2.003,2.226,2.405,2.552,2.674,2.78,3.158,3.406,3.712
2004-01,0.462,0.852,1.229,1.573,1.877,2.14,2.364,2.555,2.716,2.852,3.284,3.505,3.763
2004-02,0.377,0.71,1.05,1.374,1.67,1.933,2.162,2.361,2.533,2.681,3.174,3.439,3.707
2004-03,0.39,0.74,1.087,1.405,1.688,1.934,2.148,2.332,2.493,2.632,3.112,3.383,3.666
2004-04,0.68,1.132,1.499,1.799,2.046,2.253,2.426,2.574,2.7,2.809,3.188,3.412,3.664
2004-05,0.734,1.226,1.612,1.918,2.164,2.365,2.53,2.669,2.787,2.888,3.244,3.465,3.726
2004-06,1.028,1.506,1.863,2.139,2.361,2.543,2.697,2.828,2.941,3.04,3.383,3.578,3.782
2004-07,0.96,1.415,1.749,2.018,2.242,2.433,2.595,2.734,2.854,2.957,3.307,3.5,3.699
2004-08,0.847,1.182,1.497,1.777,2.019,2.229,2.411,2.568,2.705,2.825,3.241,3.479,3.728
2004-09,0.964,1.314,1.606,1.852,2.06,2.239,2.393,2.527,2.646,2.75,3.135,3.379,3.666
2004-10,0.888,1.141,1.395,1.638,1.86,2.057,2.23,2.381,2.51,2.623,2.999,3.203,3.41
2004-11,1.013,1.245,1.421,1.596,1.771,1.937,2.088,2.223,2.341,2.443,2.786,2.97,3.155
2004-12,0.885,1.137,1.364,1.568,1.749,1.909,2.05,2.175,2.285,2.382,2.725,2.923,3.13
2005-01,0.887,1.079,1.264,1.446,1.618,1.776,1.918,2.043,2.153,2.249,2.577,2.757,2.941
2005-02,0.899,1.124,1.34,1.546,1.736,1.905,2.052,2.179,2.288,2.381,2.686,2.846,3.007
2005-03,0.872,1.14,1.331,1.51,1.687,1.853,2.004,2.137,2.254,2.355,2.692,2.871,3.051
2005-04,0.769,0.952,1.135,1.309,1.471,1.618,1.752,1.872,1.979,2.074,2.416,2.615,2.823
2005-05,0.772,0.948,1.117,1.279,1.431,1.571,1.699,1.815,1.92,2.014,2.357,2.56,2.777
2005-06,0.688,0.87,1.064,1.246,1.411,1.558,1.688,1.804,1.907,1.999,2.338,2.55,2.787
2005-07,0.772,0.948,1.129,1.3,1.454,1.589,1.704,1.802,1.885,1.955,2.189,2.355,2.709
2005-08,0.818,0.997,1.157,1.302,1.432,1.551,1.659,1.757,1.847,1.928,2.245,2.456,2.705
2005-09,0.897,1.12,1.305,1.458,1.584,1.688,1.774,1.844,1.902,1.95,2.102,2.211,2.519
2005-10,1.074,1.399,1.624,1.779,1.886,1.96,2.011,2.048,2.075,2.097,2.186,2.293,2.552
2005-11,1.361,1.657,1.791,1.869,1.929,1.983,2.036,2.088,2.137,2.184,2.374,2.501,2.648
2005-12,1.248,1.548,1.693,1.765,1.807,1.837,1.865,1.895,1.926,1.96,2.142,2.314,2.579
2006-01,1.294,1.602,1.78,1.887,1.956,2.007,2.048,2.085,2.119,2.153,2.312,2.447,2.637
2006-02,1.476,1.689,1.809,1.902,1.981,2.051,2.112,2.165,2.211,2.252,2.39,2.466,2.545
2006-03,1.565,1.792,1.959,2.098,2.213,2.305,2.377,2.434,2.48,2.517,2.63,2.687,2.743
2006-04,1.668,1.936,2.14,2.302,2.429,2.527,2.604,2.665,2.713,2.752,2.87,2.929,2.988
2006-05,1.754,1.986,2.131,2.252,2.359,2.452,2.532,2.599,2.654,2.7,2.844,2.918,2.991
2006-06,1.896,2.156,2.32,2.449,2.554,2.64,2.71,2.766,2.811,2.848,2.962,3.019,3.076
2006-07,1.877,2.112,2.26,2.378,2.475,2.553,2.616,2.667,2.708,2.742,2.845,2.896,2.948
2006-08,1.934,2.093,2.186,2.268,2.34,2.401,2.45,2.489,2.521,2.547,2.626,2.666,2.705
2006-09,1.947,2.12,2.207,2.252,2.277,2.296,2.313,2.33,2.349,2.369,2.47,2.551,2.649
2006-10,2.043,2.178,2.243,2.294,2.339,2.38,2.415,2.445,2.472,2.495,2.57,2.611,2.652
2006-11,2.095,2.179,2.216,2.238,2.257,2.274,2.292,2.309,2.325,2.341,2.404,2.446,2.494
2006-12,2.278,2.405,2.449,2.463,2.469,2.472,2.475,2.479,2.484,2.489,2.51,2.525,2.541
2007-01,2.379,2.467,2.502,2.528,2.551,2.57,2.586,2.599,2.61,2.619,2.646,2.659,2.673
2007-02,2.338,2.373,2.38,2.402,2.434,2.466,2.495,2.519,2.539,2.556,2.607,2.633,2.659
2007-03,2.412,2.411,2.419,2.461,2.515,2.567,2.611,2.648,2.678,2.702,2.777,2.815,2.853
2007-04,2.475,2.498,2.539,2.597,2.652,2.697,2.733,2.761,2.783,2.801,2.855,2.882,2.909
2007-05,2.71,2.782,2.831,2.88,2.923,2.957,2.983,3.003,3.019,3.032,3.07,3.089,3.108
2007-06,2.863,2.905,2.921,2.952,2.996,3.043,3.088,3.129,3.164,3.194,3.291,3.341,3.392
2007-07,2.841,2.859,2.874,2.907,2.948,2.988,3.025,3.057,3.085,3.108,3.184,3.223,3.263
2007-08,2.753,2.495,2.503,2.615,2.733,2.831,2.907,2.966,3.012,3.049,3.162,3.218,3.274
2007-09,2.697,2.413,2.418,2.537,2.668,2.782,2.875,2.948,3.008,3.056,3.202,3.276,3.349
2007-10,2.71,2.536,2.531,2.589,2.665,2.743,2.816,2.881,2.938,2.987,3.153,3.242,3.332
2007-11,2.594,2.249,2.269,2.401,2.537,2.649,2.737,2.807,2.862,2.906,3.04,3.107,3.174
2007-12,2.72,2.43,2.495,2.646,2.781,2.886,2.965,3.026,3.073,3.111,3.225,3.282,3.339
2008-01,2.386,2.106,2.138,2.273,2.425,2.565,2.685,2.786,2.87,2.939,3.156,3.266,3.376
2008-02,2.484,2.13,2.2,2.396,2.583,2.732,2.846,2.934,3.003,3.059,3.226,3.31,3.394
2008-03,2.455,2,2.1,2.321,2.523,2.683,2.805,2.899,2.973,3.033,3.213,3.303,3.393
2008-04,2.5,2.107,2.32,2.588,2.793,2.94,3.047,3.128,3.192,3.242,3.394,3.47,3.546
2008-05,2.462,2.298,2.55,2.783,2.945,3.057,3.138,3.198,3.246,3.284,3.397,3.454,3.511
2008-06,2.538,2.502,2.752,2.935,3.052,3.131,3.188,3.231,3.264,3.29,3.37,3.41,3.45
2008-07,2.45,2.312,2.513,2.714,2.858,2.96,3.033,3.089,3.132,3.166,3.269,3.321,3.373
2008-08,2.717,2.408,2.324,2.4,2.522,2.64,2.74,2.822,2.888,2.942,3.106,3.188,3.271
2008-09,2.472,1.607,1.463,1.659,1.916,2.142,2.323,2.466,2.578,2.669,2.943,3.08,3.217
2008-10,2.002,1.522,1.565,1.778,2.013,2.223,2.4,2.546,2.665,2.764,3.068,3.222,3.376
2008-11,0.899,1.285,1.499,1.65,1.776,1.889,1.989,2.079,2.157,2.226,2.455,2.578,2.701
2008-12,0.407,0.691,1.012,1.303,1.541,1.727,1.872,1.985,2.075,2.148,2.368,2.479,2.589
2009-01,0.293,0.449,0.756,1.096,1.398,1.645,1.841,1.997,2.121,2.221,2.526,2.679,2.832
2009-02,0.407,0.52,0.795,1.116,1.404,1.637,1.821,1.966,2.081,2.174,2.454,2.595,2.736
2009-03,0.325,0.523,0.818,1.129,1.406,1.635,1.817,1.963,2.08,2.175,2.465,2.61,2.756
2009-04,0.294,0.45,0.76,1.101,1.4,1.641,1.832,1.981,2.1,2.196,2.487,2.633,2.779
2009-05,0.248,0.467,0.839,1.235,1.585,1.871,2.097,2.277,2.42,2.536,2.888,3.065,3.242
2009-06,0.255,0.509,0.858,1.221,1.547,1.819,2.039,2.217,2.36,2.478,2.836,3.016,3.196
2009-07,0.248,0.453,0.726,1.023,1.304,1.55,1.758,1.931,2.073,2.192,2.559,2.745,2.932
2009-08,0.288,0.466,0.698,0.962,1.225,1.465,1.673,1.85,1.999,2.124,2.519,2.72,2.923
2009-09,0.313,0.567,0.828,1.084,1.325,1.541,1.731,1.895,2.035,2.155,2.545,2.749,2.954
2009-10,0.332,0.616,0.89,1.146,1.38,1.591,1.777,1.941,2.084,2.207,2.599,2.766,2.855
2009-11,0.269,0.47,0.713,0.97,1.213,1.429,1.612,1.767,1.895,2.002,2.337,2.508,2.679
2009-12,0.281,0.468,0.72,0.991,1.239,1.45,1.623,1.764,1.878,1.972,2.26,2.404,2.549
2010-01,0.253,0.492,0.742,0.986,1.214,1.421,1.603,1.762,1.897,2.01,2.327,2.401,2.333
2010-02,0.179,0.376,0.604,0.842,1.073,1.289,1.484,1.656,1.805,1.931,2.282,2.345,2.207
2010-03,0.25,0.472,0.701,0.925,1.138,1.336,1.516,1.676,1.818,1.941,2.322,2.44,2.37
2010-04,0.259,0.478,0.697,0.908,1.108,1.292,1.46,1.612,1.746,1.865,2.248,2.392,2.381
2010-05,0.177,0.35,0.53,0.708,0.88,1.043,1.195,1.334,1.46,1.573,1.959,2.12,2.125
2010-06,0.177,0.347,0.525,0.702,0.87,1.027,1.169,1.297,1.41,1.509,1.826,1.951,1.983
2010-07,0.337,0.407,0.522,0.685,0.863,1.031,1.18,1.306,1.411,1.5,1.776,1.917,2.057
2010-08,0.448,0.416,0.432,0.526,0.656,0.792,0.916,1.024,1.116,1.192,1.433,1.555,1.677
2010-09,0.507,0.462,0.51,0.646,0.809,0.964,1.097,1.207,1.298,1.372,1.601,1.716,1.832
2010-10,0.499,0.514,0.61,0.769,0.937,1.086,1.21,1.31,1.392,1.458,1.66,1.762,1.863
2010-11,0.477,0.463,0.575,0.762,0.957,1.129,1.272,1.387,1.481,1.558,1.792,1.91,2.028
2010-12,0.44,0.448,0.632,0.872,1.09,1.267,1.407,1.516,1.603,1.674,1.886,1.993,2.099
2011-01,0.428,0.605,0.811,1.029,1.229,1.399,1.538,1.651,1.743,1.818,2.047,2.162,2.278
2011-02,0.365,0.621,0.855,1.065,1.254,1.42,1.567,1.694,1.803,1.897,2.174,2.244,2.137
2011-03,0.415,0.702,0.95,1.163,1.346,1.502,1.636,1.751,1.848,1.931,2.181,2.262,2.214
2011-04,0.479,0.758,1.003,1.223,1.419,1.591,1.742,1.873,1.986,2.083,2.382,2.472,2.375
2011-05,0.339,0.588,0.816,1.021,1.205,1.369,1.515,1.642,1.753,1.849,2.152,2.256,2.213
2011-06,0.352,0.347,0.505,0.749,0.995,1.21,1.387,1.529,1.645,1.739,2.025,2.169,2.314
2011-07,0.318,0.218,0.311,0.514,0.736,0.935,1.101,1.236,1.346,1.436,1.71,1.847,1.985
2011-08,0.045,0.155,0.288,0.431,0.572,0.706,0.831,0.944,1.045,1.133,1.426,1.55,1.6
2011-09,0.139,0.055,0.095,0.228,0.393,0.554,0.697,0.818,0.919,1.003,1.264,1.396,1.529
2011-10,0.127,0.016,0.071,0.233,0.423,0.603,0.758,0.888,0.994,1.082,1.355,1.492,1.63
2011-11,0.149,0.003,0.02,0.154,0.326,0.493,0.638,0.76,0.861,0.945,1.201,1.331,1.46
2011-12,0.155,0.013,-0.011,0.071,0.199,0.335,0.461,0.57,0.662,0.74,0.985,1.109,1.234
2012-01,0.191,0.102,0.084,0.146,0.249,0.363,0.474,0.573,0.66,0.735,0.977,1.103,1.229
2012-02,0.189,0.056,0.022,0.083,0.192,0.314,0.433,0.542,0.637,0.72,0.995,1.14,1.285
2012-03,0.225,0.094,0.084,0.177,0.313,0.453,0.579,0.687,0.778,0.854,1.091,1.211,1.331
2012-04,0.205,0.039,0.008,0.087,0.211,0.341,0.462,0.568,0.658,0.735,0.979,1.104,1.229
2012-05,0.122,-0.164,-0.198,-0.087,0.067,0.215,0.344,0.45,0.538,0.61,0.833,0.945,1.057
2012-06,0.012,-0.344,-0.312,-0.131,0.069,0.245,0.39,0.507,0.601,0.678,0.911,1.029,1.147
2012-07,0.038,-0.315,-0.348,-0.217,-0.043,0.123,0.266,0.384,0.481,0.561,0.807,0.932,1.056
2012-08,0.025,-0.327,-0.361,-0.228,-0.05,0.119,0.266,0.387,0.487,0.569,0.823,0.952,1.08
2012-09,0.124,-0.095,-0.153,-0.082,0.043,0.18,0.308,0.421,0.518,0.599,0.861,0.995,1.129
2012-10,0.146,-0.063,-0.136,-0.082,0.034,0.168,0.296,0.412,0.512,0.597,0.873,1.015,1.158
2012-11,0.117,-0.1,-0.174,-0.125,-0.016,0.111,0.235,0.347,0.445,0.53,0.809,0.954,1.1
2012-12,0.059,-0.116,-0.155,-0.092,0.017,0.14,0.261,0.372,0.47,0.557,0.848,1.004,1.162
2013-01,0.14,0.093,0.104,0.176,0.282,0.397,0.51,0.614,0.707,0.789,1.069,1.221,1.374
2013-02,0.137,0.029,-0.003,0.056,0.167,0.295,0.42,0.535,0.635,0.721,1.003,1.149,1.296
2013-03,0.119,-0.012,-0.048,0.021,0.145,0.286,0.423,0.547,0.655,0.747,1.048,1.203,1.359
2013-04,0.079,-0.079,-0.124,-0.065,0.048,0.178,0.305,0.421,0.523,0.612,0.906,1.06,1.215
2013-05,0.078,-0.06,-0.064,0.035,0.176,0.322,0.457,0.574,0.675,0.76,1.032,1.171,1.311
2013-06,0.073,-0.006,0.062,0.222,0.407,0.582,0.735,0.864,0.971,1.06,1.338,1.48,1.621
2013-07,0.076,-0.013,0.046,0.207,0.4,0.586,0.749,0.887,1.002,1.097,1.393,1.543,1.693
2013-08,0.096,-0.008,0.05,0.218,0.42,0.614,0.783,0.926,1.044,1.142,1.447,1.601,1.755
2013-09,0.096,-0.024,0.012,0.166,0.362,0.557,0.731,0.88,1.005,1.11,1.437,1.603,1.769
2013-10,0.101,0,0.021,0.15,0.328,0.513,0.684,0.834,0.962,1.07,1.413,1.588,1.764
2013-11,0.064,-0.076,-0.061,0.077,0.266,0.46,0.637,0.791,0.921,1.031,1.378,1.555,1.732
2013-12,0.045,-0.071,-0.002,0.189,0.419,0.641,0.836,1.001,1.138,1.253,1.61,1.79,1.972
2014-01,0.044,-0.109,-0.11,0.015,0.196,0.387,0.567,0.727,0.865,0.983,1.363,1.561,1.758
2014-02,0.049,-0.074,-0.073,0.04,0.206,0.384,0.554,0.706,0.838,0.951,1.317,1.507,1.698
2014-03,0.085,-0.031,-0.035,0.069,0.227,0.401,0.566,0.715,0.844,0.955,1.313,1.499,1.685
2014-04,0.104,0.005,-0.021,0.047,0.174,0.326,0.478,0.621,0.748,0.86,1.232,1.428,1.625
2014-05,0.07,-0.027,-0.056,0.002,0.114,0.252,0.395,0.532,0.657,0.77,1.16,1.374,1.59
2014-06,0.092,0.032,0.001,0.034,0.117,0.23,0.356,0.482,0.603,0.714,1.121,1.352,1.59
2014-07,0.109,0.033,-0.013,0.009,0.082,0.185,0.299,0.412,0.519,0.616,0.96,1.15,1.343
2014-08,0.078,0.001,-0.029,0.002,0.073,0.165,0.262,0.357,0.447,0.529,0.827,0.998,1.174
2014-09,0.056,-0.009,-0.039,-0.008,0.069,0.17,0.281,0.391,0.494,0.589,0.926,1.113,1.303
2014-10,0.036,-0.042,-0.053,-0.003,0.082,0.182,0.284,0.383,0.474,0.558,0.86,1.034,1.213
2014-11,-0.022,-0.134,-0.145,-0.095,-0.016,0.074,0.166,0.255,0.338,0.413,0.691,0.852,1.019
2014-12,-0.094,-0.259,-0.28,-0.205,-0.092,0.026,0.134,0.228,0.308,0.375,0.588,0.697,0.807
2015-01,-0.694,-0.702,-0.689,-0.631,-0.541,-0.439,-0.336,-0.238,-0.148,-0.067,0.218,0.376,0.537
2015-02,-0.853,-0.8,-0.708,-0.597,-0.48,-0.366,-0.257,-0.157,-0.066,0.015,0.3,0.454,0.6
2015-03,-0.743,-0.795,-0.731,-0.609,-0.475,-0.349,-0.24,-0.146,-0.067,-0.001,0.21,0.319,0.428
2015-04,-0.829,-0.774,-0.667,-0.542,-0.417,-0.301,-0.198,-0.107,-0.028,0.04,0.262,0.377,0.491
2015-05,-0.839,-0.811,-0.736,-0.636,-0.525,-0.413,-0.306,-0.205,-0.114,-0.031,0.263,0.422,0.571
2015-06,-0.901,-0.879,-0.789,-0.663,-0.523,-0.38,-0.244,-0.117,-0.002,0.101,0.455,0.637,0.797
2015-07,-0.819,-0.795,-0.732,-0.645,-0.545,-0.439,-0.332,-0.228,-0.128,-0.035,0.326,0.539,0.733
2015-08,-0.784,-0.757,-0.705,-0.635,-0.555,-0.469,-0.38,-0.292,-0.206,-0.124,0.218,0.443,0.666
2015-09,-0.821,-0.795,-0.74,-0.665,-0.577,-0.483,-0.385,-0.288,-0.192,-0.1,0.286,0.546,0.819
2015-10,-0.866,-0.89,-0.868,-0.814,-0.739,-0.651,-0.557,-0.461,-0.365,-0.272,0.12,0.38,0.648
2015-11,-0.979,-1.048,-1.035,-0.97,-0.875,-0.764,-0.647,-0.53,-0.417,-0.311,0.1,0.347,0.592
2015-12,-0.815,-0.786,-0.72,-0.632,-0.533,-0.428,-0.324,-0.224,-0.128,-0.039,0.303,0.508,0.705
2016-01,-0.858,-0.88,-0.856,-0.802,-0.729,-0.645,-0.557,-0.468,-0.382,-0.299,0.027,0.219,0.381
2016-02,-0.958,-1.027,-1.024,-0.975,-0.9,-0.811,-0.718,-0.625,-0.536,-0.453,-0.144,0.025,0.168
2016-03,-0.857,-0.865,-0.843,-0.798,-0.74,-0.673,-0.602,-0.529,-0.457,-0.387,-0.097,0.087,0.248
2016-04,-0.654,-0.809,-0.874,-0.838,-0.745,-0.631,-0.518,-0.415,-0.324,-0.245,0.01,0.142,0.275
2016-05,-0.655,-0.804,-0.866,-0.837,-0.758,-0.658,-0.556,-0.461,-0.374,-0.298,-0.038,0.101,0.242
2016-06,-0.774,-0.998,-1.095,-1.07,-0.982,-0.872,-0.764,-0.666,-0.581,-0.508,-0.275,-0.155,-0.034
2016-07,-0.71,-0.902,-0.987,-0.978,-0.92,-0.841,-0.759,-0.68,-0.608,-0.543,-0.32,-0.198,-0.075
2016-08,-0.701,-0.865,-0.918,-0.889,-0.822,-0.743,-0.663,-0.588,-0.521,-0.462,-0.259,-0.15,-0.039
2016-09,-0.742,-0.92,-0.972,-0.944,-0.881,-0.805,-0.727,-0.652,-0.584,-0.522,-0.305,-0.183,-0.059
2016-10,-0.616,-0.787,-0.872,-0.852,-0.777,-0.682,-0.587,-0.501,-0.426,-0.362,-0.155,-0.049,0.057
2016-11,-0.653,-0.82,-0.856,-0.777,-0.65,-0.517,-0.395,-0.291,-0.203,-0.13,0.097,0.212,0.327
2016-12,-0.635,-0.793,-0.838,-0.772,-0.655,-0.526,-0.406,-0.301,-0.211,-0.135,0.104,0.226,0.349
2017-01,-0.651,-0.835,-0.864,-0.769,-0.626,-0.48,-0.35,-0.239,-0.148,-0.072,0.164,0.282,0.401
2017-02,-0.669,-0.874,-0.938,-0.874,-0.752,-0.617,-0.492,-0.383,-0.29,-0.213,0.03,0.154,0.278
2017-03,-0.629,-0.773,-0.799,-0.718,-0.594,-0.466,-0.35,-0.251,-0.169,-0.1,0.111,0.218,0.325
2017-04,-0.637,-0.772,-0.792,-0.712,-0.589,-0.462,-0.346,-0.247,-0.165,-0.096,0.119,0.227,0.336
2017-05,-0.649,-0.8,-0.841,-0.775,-0.659,-0.532,-0.413,-0.308,-0.22,-0.145,0.089,0.208,0.327
2017-06,-0.63,-0.719,-0.712,-0.622,-0.5,-0.377,-0.266,-0.171,-0.091,-0.025,0.182,0.287,0.392
2017-07,-0.623,-0.698,-0.666,-0.555,-0.419,-0.289,-0.176,-0.082,-0.004,0.06,0.257,0.357,0.456
2017-08,-0.637,-0.745,-0.763,-0.692,-0.581,-0.464,-0.355,-0.261,-0.181,-0.114,0.096,0.203,0.31
2017-09,-0.637,-0.737,-0.726,-0.624,-0.488,-0.354,-0.235,-0.135,-0.052,0.017,0.232,0.34,0.448
2017-10,-0.69,-0.779,-0.757,-0.655,-0.524,-0.395,-0.28,-0.181,-0.099,-0.029,0.188,0.298,0.409
2017-11,-0.692,-0.753,-0.714,-0.619,-0.507,-0.396,-0.293,-0.202,-0.122,-0.053,0.176,0.298,0.421
2017-12,-0.704,-0.761,-0.716,-0.624,-0.519,-0.415,-0.32,-0.235,-0.16,-0.095,0.124,0.241,0.36
2018-01,-0.749,-0.833,-0.743,-0.587,-0.426,-0.28,-0.157,-0.054,0.032,0.103,0.324,0.436,0.549
2018-02,-0.662,-0.77,-0.747,-0.628,-0.474,-0.321,-0.184,-0.067,0.033,0.116,0.378,0.512,0.646
2018-03,-0.654,-0.791,-0.79,-0.68,-0.529,-0.377,-0.241,-0.125,-0.027,0.054,0.308,0.437,0.567
2018-04,-0.619,-0.686,-0.664,-0.56,-0.423,-0.284,-0.157,-0.049,0.043,0.12,0.36,0.482,0.604
2018-05,-0.638,-0.742,-0.76,-0.685,-0.562,-0.428,-0.3,-0.187,-0.09,-0.008,0.254,0.388,0.522
2018-06,-0.619,-0.665,-0.671,-0.612,-0.512,-0.398,-0.285,-0.182,-0.091,-0.012,0.247,0.381,0.516
2018-07,-0.621,-0.634,-0.588,-0.502,-0.4,-0.297,-0.199,-0.109,-0.029,0.042,0.289,0.426,0.565
2018-08,-0.627,-0.668,-0.648,-0.578,-0.483,-0.382,-0.283,-0.191,-0.107,-0.032,0.234,0.384,0.537
2018-09,-0.618,-0.619,-0.563,-0.464,-0.351,-0.238,-0.134,-0.04,0.042,0.113,0.355,0.485,0.616
2018-10,-0.645,-0.677,-0.632,-0.532,-0.412,-0.293,-0.183,-0.086,-0.002,0.071,0.311,0.437,0.565
2018-11,-0.662,-0.723,-0.698,-0.611,-0.5,-0.385,-0.277,-0.178,-0.091,-0.015,0.242,0.381,0.521
2018-12,-0.647,-0.738,-0.749,-0.691,-0.6,-0.499,-0.4,-0.309,-0.226,-0.154,0.095,0.231,0.368
2019-01,-0.646,-0.742,-0.755,-0.705,-0.625,-0.535,-0.445,-0.359,-0.281,-0.21,0.041,0.182,0.327
2019-02,-0.648,-0.727,-0.744,-0.703,-0.632,-0.548,-0.463,-0.381,-0.305,-0.236,0.015,0.16,0.309
2019-03,-0.633,-0.723,-0.792,-0.793,-0.745,-0.67,-0.586,-0.502,-0.424,-0.352,-0.104,0.033,0.17
2019-04,-0.592,-0.681,-0.748,-0.742,-0.684,-0.599,-0.507,-0.418,-0.338,-0.267,-0.028,0.097,0.222
2019-05,-0.622,-0.742,-0.844,-0.871,-0.836,-0.767,-0.683,-0.598,-0.518,-0.445,-0.194,-0.06,0.075
2019-06,-0.662,-0.791,-0.897,-0.92,-0.88,-0.806,-0.72,-0.634,-0.554,-0.482,-0.239,-0.111,0.019
2019-07,-0.763,-0.896,-0.999,-1.031,-1.006,-0.948,-0.874,-0.797,-0.722,-0.654,-0.411,-0.279,-0.146
2019-08,-0.909,-1.064,-1.141,-1.165,-1.158,-1.132,-1.097,-1.057,-1.016,-0.975,-0.805,-0.694,-0.573
2019-09,-0.722,-0.847,-0.913,-0.924,-0.904,-0.868,-0.826,-0.782,-0.74,-0.7,-0.548,-0.458,-0.364
2019-10,-0.674,-0.74,-0.779,-0.777,-0.746,-0.702,-0.652,-0.602,-0.555,-0.511,-0.348,-0.253,-0.156
2019-11,-0.656,-0.755,-0.805,-0.807,-0.782,-0.744,-0.702,-0.659,-0.618,-0.58,-0.439,-0.356,-0.27
2019-12,-0.614,-0.711,-0.74,-0.722,-0.682,-0.634,-0.585,-0.538,-0.495,-0.456,-0.318,-0.24,-0.16
2020-01,-0.592,-0.707,-0.796,-0.835,-0.84,-0.824,-0.797,-0.765,-0.731,-0.698,-0.561,-0.473,-0.378
2020-02,-0.675,-0.785,-0.875,-0.921,-0.936,-0.93,-0.912,-0.888,-0.861,-0.832,-0.703,-0.613,-0.512
2020-03,-0.53,-0.625,-0.658,-0.627,-0.573,-0.517,-0.468,-0.428,-0.395,-0.368,-0.286,-0.245,-0.203
2020-04,-0.511,-0.652,-0.717,-0.708,-0.669,-0.624,-0.581,-0.544,-0.513,-0.487,-0.407,-0.367,-0.326
2020-05,-0.546,-0.639,-0.681,-0.669,-0.634,-0.593,-0.555,-0.522,-0.494,-0.471,-0.4,-0.363,-0.327
2020-06,-0.551,-0.652,-0.691,-0.669,-0.622,-0.573,-0.53,-0.493,-0.464,-0.439,-0.364,-0.326,-0.288
2020-07,-0.642,-0.76,-0.79,-0.759,-0.708,-0.659,-0.616,-0.581,-0.552,-0.529,-0.458,-0.423,-0.387
2020-08,-0.657,-0.774,-0.788,-0.735,-0.661,-0.591,-0.532,-0.482,-0.443,-0.41,-0.31,-0.261,-0.211
2020-09,-0.705,-0.807,-0.829,-0.789,-0.727,-0.665,-0.611,-0.566,-0.53,-0.5,-0.408,-0.362,-0.315
2020-10,-0.721,-0.802,-0.822,-0.79,-0.736,-0.68,-0.629,-0.585,-0.548,-0.518,-0.423,-0.376,-0.328
2020-11,-0.796,-0.778,-0.752,-0.721,-0.687,-0.65,-0.614,-0.577,-0.542,-0.509,-0.378,-0.309,-0.314
2020-12,-0.716,-0.782,-0.8,-0.77,-0.722,-0.671,-0.625,-0.585,-0.553,-0.525,-0.441,-0.399,-0.356
2021-01,-0.777,-0.78,-0.762,-0.728,-0.686,-0.639,-0.591,-0.543,-0.497,-0.454,-0.298,-0.232,-0.252
2021-02,-0.777,-0.761,-0.712,-0.644,-0.568,-0.491,-0.416,-0.347,-0.284,-0.229,-0.052,0.014,0.024
2021-03,-0.782,-0.776,-0.736,-0.677,-0.606,-0.532,-0.459,-0.389,-0.325,-0.267,-0.073,-0.001,-0.007
2021-04,-0.785,-0.773,-0.723,-0.652,-0.571,-0.488,-0.409,-0.335,-0.269,-0.21,-0.027,0.031,0.013
2021-05,-0.781,-0.761,-0.702,-0.622,-0.532,-0.441,-0.353,-0.272,-0.199,-0.134,0.071,0.138,0.122
2021-06,-0.778,-0.758,-0.706,-0.635,-0.555,-0.475,-0.397,-0.324,-0.258,-0.2,-0.013,0.054,0.053
2021-07,-0.796,-0.8,-0.771,-0.723,-0.665,-0.602,-0.539,-0.479,-0.423,-0.373,-0.204,-0.144,-0.164
2021-08,-0.779,-0.771,-0.738,-0.69,-0.633,-0.572,-0.511,-0.452,-0.397,-0.347,-0.178,-0.117,-0.149
2021-09,-0.747,-0.713,-0.651,-0.575,-0.494,-0.416,-0.342,-0.275,-0.217,-0.166,-0.017,0.024,0.001
2021-10,-0.654,-0.559,-0.465,-0.376,-0.297,-0.227,-0.168,-0.118,-0.078,-0.046,0.024,0.011,-0.067
2021-11,-0.764,-0.732,-0.671,-0.597,-0.52,-0.447,-0.381,-0.323,-0.274,-0.234,-0.136,-0.134,-0.197
2021-12,-0.683,-0.623,-0.551,-0.475,-0.4,-0.331,-0.268,-0.213,-0.167,-0.127,-0.026,-0.022,-0.095
2022-01,-0.631,-0.524,-0.416,-0.315,-0.225,-0.147,-0.082,-0.029,0.013,0.045,0.105,0.085,0.011
2022-02,-0.623,-0.449,-0.29,-0.156,-0.047,0.043,0.116,0.176,0.224,0.263,0.355,0.357,0.283
2022-03,-0.477,-0.204,0.008,0.177,0.313,0.423,0.511,0.58,0.635,0.677,0.771,0.769,0.701
2022-04,-0.362,-0.091,0.122,0.292,0.431,0.544,0.637,0.713,0.774,0.824,0.949,0.962,0.889
2022-05,-0.352,-0.128,0.058,0.217,0.353,0.469,0.567,0.651,0.72,0.779,0.944,0.987,0.944
2022-06,-0.079,0.104,0.293,0.472,0.633,0.774,0.895,0.996,1.08,1.149,1.337,1.39,1.384
2022-07,0.082,-0.04,-0.043,0.04,0.148,0.251,0.339,0.412,0.471,0.52,0.67,0.746,0.821
2022-08,0.462,0.557,0.592,0.625,0.66,0.694,0.724,0.748,0.769,0.786,0.839,0.866,0.893
2022-09,0.518,0.629,0.74,0.843,0.932,1.006,1.065,1.11,1.142,1.163,1.16,1.08,0.913
2022-10,0.465,0.533,0.622,0.718,0.812,0.896,0.97,1.032,1.082,1.12,1.184,1.132,0.97
2022-11,0.836,0.892,0.915,0.932,0.95,0.97,0.992,1.014,1.035,1.055,1.12,1.13,1.053
2022-12,1.134,1.245,1.32,1.377,1.424,1.464,1.497,1.525,1.548,1.565,1.599,1.577,1.476
2023-01,1.03,0.996,1.023,1.063,1.105,1.144,1.178,1.209,1.235,1.257,1.317,1.322,1.261
2023-02,1.236,1.245,1.278,1.313,1.345,1.373,1.397,1.417,1.433,1.446,1.475,1.466,1.409
2023-03,1.074,1.059,1.098,1.136,1.166,1.188,1.204,1.215,1.222,1.227,1.225,1.205,1.165
2023-04,1.13,0.975,0.952,0.961,0.98,1.002,1.024,1.045,1.064,1.08,1.134,1.148,1.118
2023-05,1.196,0.892,0.798,0.774,0.775,0.786,0.802,0.818,0.834,0.848,0.897,0.909,0.871
2023-06,1.436,1.26,1.139,1.059,1.009,0.98,0.965,0.96,0.961,0.966,0.994,0.988,0.897
2023-07,1.406,1.222,1.106,1.036,0.997,0.977,0.97,0.97,0.974,0.979,0.993,0.971,0.892
2023-08,1.334,1.082,1.002,0.973,0.961,0.957,0.956,0.955,0.954,0.952,0.934,0.906,0.847
2023-09,1.357,1.162,1.097,1.076,1.071,1.072,1.076,1.08,1.084,1.087,1.089,1.075,1.029
2023-10,1.434,1.15,1.012,0.961,0.952,0.962,0.981,1.003,1.025,1.046,1.115,1.128,1.056
2023-11,1.407,1.152,0.987,0.892,0.843,0.82,0.812,0.812,0.816,0.822,0.839,0.823,0.727
2023-12,1.255,0.992,0.843,0.76,0.714,0.689,0.675,0.666,0.66,0.656,0.63,0.59,0.494
2024-01,1.26,0.983,0.852,0.798,0.781,0.782,0.792,0.804,0.817,0.83,0.869,0.868,0.8
2024-02,1.25,1.047,0.934,0.872,0.841,0.826,0.821,0.821,0.824,0.828,0.842,0.833,0.767
2024-03,1.049,0.838,0.757,0.716,0.691,0.674,0.662,0.652,0.645,0.639,0.622,0.613,0.605
2024-04,1.053,0.891,0.815,0.775,0.751,0.734,0.722,0.711,0.702,0.693,0.657,0.628,0.589
2024-05,1.258,1.154,1.081,1.03,0.994,0.968,0.949,0.935,0.924,0.915,0.88,0.843,0.759
2024-06,0.944,0.742,0.651,0.609,0.587,0.575,0.568,0.564,0.561,0.559,0.552,0.541,0.515
2024-07,0.82,0.611,0.521,0.482,0.466,0.459,0.455,0.453,0.452,0.45,0.433,0.404,0.342
2024-08,0.658,0.507,0.456,0.441,0.438,0.44,0.444,0.447,0.45,0.451,0.443,0.418,0.359
2024-09,0.525,0.361,0.328,0.33,0.342,0.357,0.373,0.387,0.399,0.41,0.434,0.427,0.374
2024-10,0.433,0.305,0.291,0.309,0.336,0.363,0.389,0.413,0.433,0.451,0.497,0.495,0.432
2024-11,0.339,0.172,0.124,0.128,0.15,0.18,0.211,0.24,0.266,0.289,0.359,0.368,0.298
2024-12,0.091,0.004,0.026,0.071,0.121,0.169,0.213,0.252,0.287,0.317,0.408,0.428,0.369
2025-01,0.169,0.121,0.141,0.178,0.218,0.257,0.294,0.327,0.357,0.383,0.469,0.5,0.474
2025-02,0.126,0.134,0.174,0.216,0.255,0.29,0.322,0.35,0.375,0.396,0.47,0.501,0.494
2025-03,0.079,0.103,0.157,0.218,0.279,0.336,0.388,0.435,0.477,0.514,0.636,0.683,0.655
2025-04,0.005,-0.04,-0.035,0.002,0.054,0.113,0.172,0.229,0.28,0.326,0.463,0.493,0.436
