annee,region,zref,pcgapdeptotndpoor
2014,Hauts Bassins,153530,28202.71094
2014,Hauts Bassins,153530,28202.71094
2014,Hauts Bassins,153530,28202.71094
2014,Hauts Bassins,153530,28202.71094
2014,Hauts Bassins,153530,28202.71094
2014,Hauts Bassins,153530,28202.71094
2014,Hauts Bassins,153530,28202.71094
2014,Hauts Bassins,153530,28202.71094
2014,Hauts Bassins,153530,28202.71094
2014,Hauts Bassins,153530,28202.71094
2014,Hauts Bassins,153530,28202.71094
2014,Hauts Bassins,153530,28202.71094
2014,Hauts Bassins,153530,28202.71094
2014,Hauts Bassins,153530,28202.71094
2014,Hauts Bassins,153530,3537.1875
2014,Hauts Bassins,153530,3537.1875
2014,Hauts Bassins,153530,3537.1875
2014,Hauts Bassins,153530,3537.1875
2014,Hauts Bassins,153530,3537.1875
2014,Hauts Bassins,153530,3537.1875
2014,Hauts Bassins,153530,3537.1875
2014,Hauts Bassins,153530,12822.98438
2014,Hauts Bassins,153530,12822.98438
2014,Hauts Bassins,153530,12822.98438
2014,Hauts Bassins,153530,12822.98438
2014,Hauts Bassins,153530,12822.98438
2014,Hauts Bassins,153530,12822.98438
2014,Hauts Bassins,153530,12822.98438
2014,Hauts Bassins,153530,12822.98438
2014,Hauts Bassins,153530,12822.98438
2014,Hauts Bassins,153530,12822.98438
2014,Hauts Bassins,153530,12822.98438
2014,Hauts Bassins,153530,38569.3125
2014,Hauts Bassins,153530,38569.3125
2014,Hauts Bassins,153530,38569.3125
2014,Hauts Bassins,153530,38569.3125
2014,Hauts Bassins,153530,38569.3125
2014,Hauts Bassins,153530,38569.3125
2014,Hauts Bassins,153530,38569.3125
2014,Hauts Bassins,153530,38569.3125
2014,Hauts Bassins,153530,38569.3125
2014,Hauts Bassins,153530,38569.3125
2014,Hauts Bassins,153530,38569.3125
2014,Hauts Bassins,153530,38569.3125
2014,Hauts Bassins,153530,38569.3125
2014,Hauts Bassins,153530,38569.3125
2014,Hauts Bassins,153530,38569.3125
2014,Hauts Bassins,153530,38569.3125
2014,Hauts Bassins,153530,38569.3125
2014,Hauts Bassins,153530,38569.3125
2014,Hauts Bassins,153530,38569.3125
2014,Hauts Bassins,153530,9112.171875
2014,Hauts Bassins,153530,9112.171875
2014,Hauts Bassins,153530,9112.171875
2014,Hauts Bassins,153530,9112.171875
2014,Hauts Bassins,153530,9112.171875
2014,Hauts Bassins,153530,9112.171875
2014,Hauts Bassins,153530,9112.171875
2014,Hauts Bassins,153530,9112.171875
2014,Hauts Bassins,153530,9112.171875
2014,Hauts Bassins,153530,9112.171875
2014,Hauts Bassins,153530,9112.171875
2014,Hauts Bassins,153530,9112.171875
2014,Hauts Bassins,153530,9112.171875
2014,Hauts Bassins,153530,9112.171875
2014,Hauts Bassins,153530,9112.171875
2014,Hauts Bassins,153530,9112.171875
2014,Hauts Bassins,153530,9112.171875
2014,Hauts Bassins,153530,9112.171875
2014,Hauts Bassins,153530,9112.171875
2014,Hauts Bassins,153530,9112.171875
2014,Hauts Bassins,153530,9112.171875
2014,Hauts Bassins,153530,9112.171875
2014,Hauts Bassins,153530,9112.171875
2014,Hauts Bassins,153530,9112.171875
2014,Hauts Bassins,153530,71927.50781
2014,Hauts Bassins,153530,71927.50781
2014,Hauts Bassins,153530,71927.50781
2014,Hauts Bassins,153530,71927.50781
2014,Hauts Bassins,153530,71927.50781
2014,Hauts Bassins,153530,71927.50781
2014,Hauts Bassins,153530,71927.50781
2014,Hauts Bassins,153530,23084.00781
2014,Hauts Bassins,153530,23084.00781
2014,Hauts Bassins,153530,23084.00781
2014,Hauts Bassins,153530,23084.00781
2014,Hauts Bassins,153530,23084.00781
2014,Hauts Bassins,153530,23084.00781
2014,Hauts Bassins,153530,23084.00781
2014,Hauts Bassins,153530,23084.00781
2014,Hauts Bassins,153530,23084.00781
2014,Hauts Bassins,153530,23084.00781
2014,Hauts Bassins,153530,31876.82031
2014,Hauts Bassins,153530,31876.82031
2014,Hauts Bassins,153530,31876.82031
2014,Hauts Bassins,153530,31876.82031
2014,Hauts Bassins,153530,31876.82031
2014,Hauts Bassins,153530,31876.82031
2014,Hauts Bassins,153530,31876.82031
2014,Hauts Bassins,153530,31876.82031
2014,Hauts Bassins,153530,7224.296875
2014,Hauts Bassins,153530,7224.296875
2014,Hauts Bassins,153530,7224.296875
2014,Hauts Bassins,153530,7224.296875
2014,Hauts Bassins,153530,7224.296875
2014,Hauts Bassins,153530,63644.65625
2014,Hauts Bassins,153530,63644.65625
2014,Hauts Bassins,153530,63644.65625
2014,Hauts Bassins,153530,63644.65625
2014,Hauts Bassins,153530,63644.65625
2014,Hauts Bassins,153530,63644.65625
2014,Hauts Bassins,153530,63644.65625
2014,Hauts Bassins,153530,52499.5625
2014,Hauts Bassins,153530,52499.5625
2014,Hauts Bassins,153530,52499.5625
2014,Hauts Bassins,153530,52499.5625
2014,Hauts Bassins,153530,52499.5625
2014,Hauts Bassins,153530,52499.5625
2014,Hauts Bassins,153530,52499.5625
2014,Hauts Bassins,153530,52499.5625
2014,Hauts Bassins,153530,52499.5625
2014,Hauts Bassins,153530,52499.5625
2014,Hauts Bassins,153530,52499.5625
2014,Hauts Bassins,153530,42037.36719
2014,Hauts Bassins,153530,42037.36719
2014,Hauts Bassins,153530,42037.36719
2014,Hauts Bassins,153530,42037.36719
2014,Hauts Bassins,153530,42037.36719
2014,Hauts Bassins,153530,42037.36719
2014,Hauts Bassins,153530,42037.36719
2014,Hauts Bassins,153530,42037.36719
2014,Hauts Bassins,153530,15103.78125
2014,Hauts Bassins,153530,15103.78125
2014,Hauts Bassins,153530,15103.78125
2014,Hauts Bassins,153530,15103.78125
2014,Hauts Bassins,153530,15103.78125
2014,Hauts Bassins,153530,15103.78125
2014,Hauts Bassins,153530,15103.78125
2014,Hauts Bassins,153530,70546.10156
2014,Hauts Bassins,153530,70546.10156
2014,Hauts Bassins,153530,70546.10156
2014,Hauts Bassins,153530,70546.10156
2014,Hauts Bassins,153530,70546.10156
2014,Hauts Bassins,153530,70546.10156
2014,Hauts Bassins,153530,70546.10156
2014,Hauts Bassins,153530,70546.10156
2014,Hauts Bassins,153530,70546.10156
2014,Hauts Bassins,153530,70546.10156
2014,Hauts Bassins,153530,70546.10156
2014,Hauts Bassins,153530,70546.10156
2014,Hauts Bassins,153530,70546.10156
2014,Hauts Bassins,153530,70546.10156
2014,Hauts Bassins,153530,70546.10156
2014,Hauts Bassins,153530,11331.01563
2014,Hauts Bassins,153530,11331.01563
2014,Hauts Bassins,153530,11331.01563
2014,Hauts Bassins,153530,11331.01563
2014,Hauts Bassins,153530,11331.01563
2014,Hauts Bassins,153530,11331.01563
2014,Hauts Bassins,153530,11331.01563
2014,Hauts Bassins,153530,11331.01563
2014,Hauts Bassins,153530,11331.01563
2014,Hauts Bassins,153530,11331.01563
2014,Hauts Bassins,153530,11331.01563
2014,Hauts Bassins,153530,11331.01563
2014,Hauts Bassins,153530,11331.01563
2014,Hauts Bassins,153530,11331.01563
2014,Hauts Bassins,153530,11331.01563
2014,Hauts Bassins,153530,3849.84375
2014,Hauts Bassins,153530,3849.84375
2014,Hauts Bassins,153530,3849.84375
2014,Hauts Bassins,153530,3849.84375
2014,Hauts Bassins,153530,58931.75
2014,Hauts Bassins,153530,58931.75
2014,Hauts Bassins,153530,58931.75
2014,Hauts Bassins,153530,58931.75
2014,Hauts Bassins,153530,58931.75
2014,Hauts Bassins,153530,58931.75
2014,Hauts Bassins,153530,58931.75
2014,Hauts Bassins,153530,58931.75
2014,Hauts Bassins,153530,58931.75
2014,Hauts Bassins,153530,58931.75
2014,Hauts Bassins,153530,58931.75
2014,Hauts Bassins,153530,11211.17188
2014,Hauts Bassins,153530,11211.17188
2014,Hauts Bassins,153530,11211.17188
2014,Hauts Bassins,153530,11211.17188
2014,Hauts Bassins,153530,11211.17188
2014,Hauts Bassins,153530,11211.17188
2014,Hauts Bassins,153530,11211.17188
2014,Hauts Bassins,153530,11211.17188
2014,Hauts Bassins,153530,11211.17188
2014,Hauts Bassins,153530,11211.17188
2014,Hauts Bassins,153530,11919.375
2014,Hauts Bassins,153530,11919.375
2014,Hauts Bassins,153530,11919.375
2014,Hauts Bassins,153530,11919.375
2014,Hauts Bassins,153530,11919.375
2014,Hauts Bassins,153530,11919.375
2014,Hauts Bassins,153530,5816.65625
2014,Hauts Bassins,153530,5816.65625
2014,Hauts Bassins,153530,5816.65625
2014,Hauts Bassins,153530,5816.65625
2014,Hauts Bassins,153530,5816.65625
2014,Hauts Bassins,153530,5816.65625
2014,Hauts Bassins,153530,5816.65625
2014,Hauts Bassins,153530,5816.65625
2014,Hauts Bassins,153530,49629.16406
2014,Hauts Bassins,153530,49629.16406
2014,Hauts Bassins,153530,49629.16406
2014,Hauts Bassins,153530,49629.16406
2014,Hauts Bassins,153530,49629.16406
2014,Hauts Bassins,153530,49629.16406
2014,Hauts Bassins,153530,49629.16406
2014,Hauts Bassins,153530,49629.16406
2014,Hauts Bassins,153530,69875
2014,Hauts Bassins,153530,69875
2014,Hauts Bassins,153530,69875
2014,Hauts Bassins,153530,69875
2014,Hauts Bassins,153530,69875
2014,Hauts Bassins,153530,69875
2014,Hauts Bassins,153530,69875
2014,Hauts Bassins,153530,69875
2014,Hauts Bassins,153530,69875
2014,Hauts Bassins,153530,14107.90625
2014,Hauts Bassins,153530,14107.90625
2014,Hauts Bassins,153530,14107.90625
2014,Hauts Bassins,153530,14107.90625
2014,Hauts Bassins,153530,9021.9375
2014,Hauts Bassins,153530,9021.9375
2014,Hauts Bassins,153530,9021.9375
2014,Hauts Bassins,153530,9021.9375
2014,Hauts Bassins,153530,20950.4375
2014,Hauts Bassins,153530,20950.4375
2014,Hauts Bassins,153530,20950.4375
2014,Hauts Bassins,153530,20950.4375
2014,Hauts Bassins,153530,20950.4375
2014,Hauts Bassins,153530,20950.4375
2014,Hauts Bassins,153530,20950.4375
2014,Hauts Bassins,153530,20950.4375
2014,Hauts Bassins,153530,20950.4375
2014,Hauts Bassins,153530,20950.4375
2014,Hauts Bassins,153530,20950.4375
2014,Hauts Bassins,153530,20950.4375
2014,Hauts Bassins,153530,32036.96875
2014,Hauts Bassins,153530,32036.96875
2014,Hauts Bassins,153530,32036.96875
2014,Hauts Bassins,153530,32036.96875
2014,Hauts Bassins,153530,32036.96875
2014,Hauts Bassins,153530,32036.96875
2014,Hauts Bassins,153530,32036.96875
2014,Hauts Bassins,153530,9228.796875
2014,Hauts Bassins,153530,9228.796875
2014,Hauts Bassins,153530,9228.796875
2014,Hauts Bassins,153530,9228.796875
2014,Hauts Bassins,153530,9228.796875
2014,Hauts Bassins,153530,9228.796875
2014,Hauts Bassins,153530,9228.796875
2014,Hauts Bassins,153530,9228.796875
2014,Hauts Bassins,153530,5276.3125
2014,Hauts Bassins,153530,5276.3125
2014,Hauts Bassins,153530,5276.3125
2014,Hauts Bassins,153530,5276.3125
2014,Hauts Bassins,153530,5276.3125
2014,Hauts Bassins,153530,5276.3125
2014,Hauts Bassins,153530,5276.3125
2014,Hauts Bassins,153530,5276.3125
2014,Hauts Bassins,153530,5276.3125
2014,Hauts Bassins,153530,19590.82813
2014,Hauts Bassins,153530,19590.82813
2014,Hauts Bassins,153530,19590.82813
2014,Hauts Bassins,153530,19590.82813
2014,Hauts Bassins,153530,19590.82813
2014,Hauts Bassins,153530,19590.82813
2014,Hauts Bassins,153530,19590.82813
2014,Hauts Bassins,153530,19590.82813
2014,Hauts Bassins,153530,32783.85938
2014,Hauts Bassins,153530,32783.85938
2014,Hauts Bassins,153530,32783.85938
2014,Hauts Bassins,153530,32783.85938
2014,Hauts Bassins,153530,32783.85938
2014,Hauts Bassins,153530,32783.85938
2014,Hauts Bassins,153530,32783.85938
2014,Hauts Bassins,153530,32783.85938
2014,Hauts Bassins,153530,32783.85938
2014,Hauts Bassins,153530,32783.85938
2014,Hauts Bassins,153530,32783.85938
2014,Hauts Bassins,153530,32783.85938
2014,Hauts Bassins,153530,7934.28125
2014,Hauts Bassins,153530,7934.28125
2014,Hauts Bassins,153530,7934.28125
2014,Hauts Bassins,153530,7934.28125
2014,Hauts Bassins,153530,45123.9375
2014,Hauts Bassins,153530,45123.9375
2014,Hauts Bassins,153530,45123.9375
2014,Hauts Bassins,153530,45123.9375
2014,Hauts Bassins,153530,45123.9375
2014,Hauts Bassins,153530,45123.9375
2014,Hauts Bassins,153530,45123.9375
2014,Hauts Bassins,153530,45123.9375
2014,Hauts Bassins,153530,45123.9375
2014,Hauts Bassins,153530,45123.9375
2014,Hauts Bassins,153530,56292.70313
2014,Hauts Bassins,153530,56292.70313
2014,Hauts Bassins,153530,56292.70313
2014,Hauts Bassins,153530,56292.70313
2014,Hauts Bassins,153530,56292.70313
2014,Hauts Bassins,153530,56292.70313
2014,Hauts Bassins,153530,9215.359375
2014,Hauts Bassins,153530,9215.359375
2014,Hauts Bassins,153530,9215.359375
2014,Hauts Bassins,153530,9215.359375
2014,Hauts Bassins,153530,9215.359375
2014,Hauts Bassins,153530,9215.359375
2014,Hauts Bassins,153530,9215.359375
2014,Hauts Bassins,153530,9215.359375
2014,Hauts Bassins,153530,9215.359375
2014,Hauts Bassins,153530,9215.359375
2014,Hauts Bassins,153530,9215.359375
2014,Hauts Bassins,153530,9215.359375
2014,Hauts Bassins,153530,9215.359375
2014,Hauts Bassins,153530,9215.359375
2014,Hauts Bassins,153530,9215.359375
2014,Hauts Bassins,153530,60389.19531
2014,Hauts Bassins,153530,60389.19531
2014,Hauts Bassins,153530,60389.19531
2014,Hauts Bassins,153530,60389.19531
2014,Hauts Bassins,153530,60389.19531
2014,Hauts Bassins,153530,60389.19531
2014,Hauts Bassins,153530,60389.19531
2014,Hauts Bassins,153530,73883.75781
2014,Hauts Bassins,153530,73883.75781
2014,Hauts Bassins,153530,73883.75781
2014,Hauts Bassins,153530,73883.75781
2014,Hauts Bassins,153530,73883.75781
2014,Hauts Bassins,153530,73883.75781
2014,Hauts Bassins,153530,73883.75781
2014,Hauts Bassins,153530,73883.75781
2014,Hauts Bassins,153530,73883.75781
2014,Hauts Bassins,153530,73883.75781
2014,Hauts Bassins,153530,73883.75781
2014,Hauts Bassins,153530,73883.75781
2014,Hauts Bassins,153530,73883.75781
2014,Hauts Bassins,153530,73883.75781
2014,Hauts Bassins,153530,73883.75781
2014,Hauts Bassins,153530,73883.75781
2014,Hauts Bassins,153530,73883.75781
2014,Hauts Bassins,153530,73883.75781
2014,Hauts Bassins,153530,73883.75781
2014,Hauts Bassins,153530,73883.75781
2014,Hauts Bassins,153530,73883.75781
2014,Hauts Bassins,153530,73883.75781
2014,Hauts Bassins,153530,73883.75781
2014,Hauts Bassins,153530,73883.75781
2014,Hauts Bassins,153530,73883.75781
2014,Hauts Bassins,153530,73883.75781
2014,Hauts Bassins,153530,22798.91406
2014,Hauts Bassins,153530,22798.91406
2014,Hauts Bassins,153530,22798.91406
2014,Hauts Bassins,153530,22798.91406
2014,Hauts Bassins,153530,22798.91406
2014,Hauts Bassins,153530,22798.91406
2014,Hauts Bassins,153530,22798.91406
2014,Hauts Bassins,153530,22798.91406
2014,Hauts Bassins,153530,22798.91406
2014,Hauts Bassins,153530,22798.91406
2014,Hauts Bassins,153530,22798.91406
2014,Hauts Bassins,153530,40944.30469
2014,Hauts Bassins,153530,40944.30469
2014,Hauts Bassins,153530,40944.30469
2014,Hauts Bassins,153530,40944.30469
2014,Hauts Bassins,153530,40944.30469
2014,Hauts Bassins,153530,40944.30469
2014,Hauts Bassins,153530,40944.30469
2014,Hauts Bassins,153530,40944.30469
2014,Hauts Bassins,153530,40944.30469
2014,Hauts Bassins,153530,40944.30469
2014,Hauts Bassins,153530,40944.30469
2014,Hauts Bassins,153530,40944.30469
2014,Hauts Bassins,153530,40944.30469
2014,Hauts Bassins,153530,40944.30469
2014,Hauts Bassins,153530,40944.30469
2014,Hauts Bassins,153530,40944.30469
2014,Hauts Bassins,153530,40944.30469
2014,Hauts Bassins,153530,40944.30469
2014,Hauts Bassins,153530,40944.30469
2014,Hauts Bassins,153530,40944.30469
2014,Hauts Bassins,153530,9803.5625
2014,Hauts Bassins,153530,9803.5625
2014,Hauts Bassins,153530,9803.5625
2014,Hauts Bassins,153530,9803.5625
2014,Hauts Bassins,153530,9803.5625
2014,Hauts Bassins,153530,9803.5625
2014,Hauts Bassins,153530,9803.5625
2014,Hauts Bassins,153530,9803.5625
2014,Hauts Bassins,153530,9803.5625
2014,Hauts Bassins,153530,9803.5625
2014,Hauts Bassins,153530,9803.5625
2014,Hauts Bassins,153530,9803.5625
2014,Hauts Bassins,153530,24032.25781
2014,Hauts Bassins,153530,24032.25781
2014,Hauts Bassins,153530,24032.25781
2014,Hauts Bassins,153530,24032.25781
2014,Hauts Bassins,153530,24032.25781
2014,Hauts Bassins,153530,24032.25781
2014,Hauts Bassins,153530,24032.25781
2014,Hauts Bassins,153530,24032.25781
2014,Hauts Bassins,153530,24032.25781
2014,Hauts Bassins,153530,24032.25781
2014,Hauts Bassins,153530,24032.25781
2014,Hauts Bassins,153530,24032.25781
2014,Hauts Bassins,153530,24032.25781
2014,Hauts Bassins,153530,24032.25781
2014,Hauts Bassins,153530,24032.25781
2014,Hauts Bassins,153530,24032.25781
2014,Hauts Bassins,153530,24032.25781
2014,Hauts Bassins,153530,24032.25781
2014,Hauts Bassins,153530,24032.25781
2014,Hauts Bassins,153530,4275.4375
2014,Hauts Bassins,153530,4275.4375
2014,Hauts Bassins,153530,4275.4375
2014,Hauts Bassins,153530,4275.4375
2014,Hauts Bassins,153530,4275.4375
2014,Hauts Bassins,153530,4275.4375
2014,Hauts Bassins,153530,17729.39063
2014,Hauts Bassins,153530,17729.39063
2014,Hauts Bassins,153530,17729.39063
2014,Hauts Bassins,153530,17729.39063
2014,Hauts Bassins,153530,17729.39063
2014,Hauts Bassins,153530,17729.39063
2014,Hauts Bassins,153530,17729.39063
2014,Hauts Bassins,153530,17729.39063
2014,Hauts Bassins,153530,17729.39063
2014,Hauts Bassins,153530,17729.39063
2014,Hauts Bassins,153530,17729.39063
2014,Hauts Bassins,153530,17729.39063
2014,Hauts Bassins,153530,17729.39063
2014,Hauts Bassins,153530,17729.39063
2014,Hauts Bassins,153530,17729.39063
2014,Hauts Bassins,153530,17729.39063
2014,Hauts Bassins,153530,17729.39063
2014,Hauts Bassins,153530,24842.76563
2014,Hauts Bassins,153530,24842.76563
2014,Hauts Bassins,153530,24842.76563
2014,Hauts Bassins,153530,24842.76563
2014,Hauts Bassins,153530,24842.76563
2014,Hauts Bassins,153530,24842.76563
2014,Hauts Bassins,153530,24842.76563
2014,Hauts Bassins,153530,24842.76563
2014,Hauts Bassins,153530,24842.76563
2014,Hauts Bassins,153530,24842.76563
2014,Hauts Bassins,153530,24842.76563
2014,Hauts Bassins,153530,24842.76563
2014,Hauts Bassins,153530,24842.76563
2014,Hauts Bassins,153530,24842.76563
2014,Hauts Bassins,153530,24842.76563
2014,Hauts Bassins,153530,24842.76563
2014,Hauts Bassins,153530,24842.76563
2014,Hauts Bassins,153530,24842.76563
2014,Hauts Bassins,153530,24842.76563
2014,Hauts Bassins,153530,24842.76563
2014,Hauts Bassins,153530,24842.76563
2014,Hauts Bassins,153530,24842.76563
2014,Hauts Bassins,153530,50227.07813
2014,Hauts Bassins,153530,50227.07813
2014,Hauts Bassins,153530,50227.07813
2014,Hauts Bassins,153530,50227.07813
2014,Hauts Bassins,153530,15386.70313
2014,Hauts Bassins,153530,15386.70313
2014,Hauts Bassins,153530,15386.70313
2014,Hauts Bassins,153530,15386.70313
2014,Hauts Bassins,153530,15386.70313
2014,Hauts Bassins,153530,17482.95313
2014,Hauts Bassins,153530,17482.95313
2014,Hauts Bassins,153530,17482.95313
2014,Hauts Bassins,153530,17482.95313
2014,Hauts Bassins,153530,17482.95313
2014,Hauts Bassins,153530,17482.95313
2014,Hauts Bassins,153530,17482.95313
2014,Hauts Bassins,153530,17482.95313
2014,Hauts Bassins,153530,17482.95313
2014,Hauts Bassins,153530,41566.78125
2014,Hauts Bassins,153530,41566.78125
2014,Hauts Bassins,153530,41566.78125
2014,Hauts Bassins,153530,41566.78125
2014,Hauts Bassins,153530,41566.78125
2014,Hauts Bassins,153530,41566.78125
2014,Hauts Bassins,153530,41566.78125
2014,Hauts Bassins,153530,41566.78125
2014,Hauts Bassins,153530,64583.21875
2014,Hauts Bassins,153530,64583.21875
2014,Hauts Bassins,153530,64583.21875
2014,Hauts Bassins,153530,64583.21875
2014,Hauts Bassins,153530,64583.21875
2014,Hauts Bassins,153530,64583.21875
2014,Hauts Bassins,153530,22837.52344
2014,Hauts Bassins,153530,22837.52344
2014,Hauts Bassins,153530,22837.52344
2014,Hauts Bassins,153530,22837.52344
2014,Hauts Bassins,153530,22837.52344
2014,Hauts Bassins,153530,22837.52344
2014,Hauts Bassins,153530,22837.52344
2014,Hauts Bassins,153530,63754.21875
2014,Hauts Bassins,153530,63754.21875
2014,Hauts Bassins,153530,63754.21875
2014,Hauts Bassins,153530,63754.21875
2014,Hauts Bassins,153530,63754.21875
2014,Hauts Bassins,153530,15670.07813
2014,Hauts Bassins,153530,15670.07813
2014,Hauts Bassins,153530,15670.07813
2014,Hauts Bassins,153530,15670.07813
2014,Hauts Bassins,153530,15670.07813
2014,Hauts Bassins,153530,15670.07813
2014,Hauts Bassins,153530,15670.07813
2014,Hauts Bassins,153530,15670.07813
2014,Hauts Bassins,153530,15670.07813
2014,Hauts Bassins,153530,15670.07813
2014,Hauts Bassins,153530,8128.703125
2014,Hauts Bassins,153530,8128.703125
2014,Hauts Bassins,153530,8128.703125
2014,Hauts Bassins,153530,8128.703125
2014,Hauts Bassins,153530,8128.703125
2014,Hauts Bassins,153530,8128.703125
2014,Hauts Bassins,153530,8128.703125
2014,Hauts Bassins,153530,8128.703125
2014,Hauts Bassins,153530,8128.703125
2014,Hauts Bassins,153530,8128.703125
2014,Hauts Bassins,153530,28915.64063
2014,Hauts Bassins,153530,28915.64063
2014,Hauts Bassins,153530,28915.64063
2014,Hauts Bassins,153530,28915.64063
2014,Hauts Bassins,153530,10694.125
2014,Hauts Bassins,153530,10694.125
2014,Hauts Bassins,153530,10694.125
2014,Hauts Bassins,153530,10694.125
2014,Hauts Bassins,153530,10694.125
2014,Hauts Bassins,153530,10694.125
2014,Hauts Bassins,153530,10694.125
2014,Hauts Bassins,153530,10694.125
2014,Hauts Bassins,153530,10694.125
2014,Hauts Bassins,153530,10694.125
2014,Hauts Bassins,153530,15239.28125
2014,Hauts Bassins,153530,15239.28125
2014,Hauts Bassins,153530,15239.28125
2014,Hauts Bassins,153530,15239.28125
2014,Hauts Bassins,153530,15239.28125
2014,Hauts Bassins,153530,15239.28125
2014,Hauts Bassins,153530,15239.28125
2014,Hauts Bassins,153530,15239.28125
2014,Hauts Bassins,153530,27937.69531
2014,Hauts Bassins,153530,27937.69531
2014,Hauts Bassins,153530,27937.69531
2014,Hauts Bassins,153530,27937.69531
2014,Hauts Bassins,153530,27937.69531
2014,Hauts Bassins,153530,27937.69531
2014,Hauts Bassins,153530,92514.08594
2014,Hauts Bassins,153530,92514.08594
2014,Hauts Bassins,153530,92514.08594
2014,Hauts Bassins,153530,92514.08594
2014,Hauts Bassins,153530,92514.08594
2014,Hauts Bassins,153530,92514.08594
2014,Hauts Bassins,153530,92514.08594
2014,Hauts Bassins,153530,92514.08594
2014,Hauts Bassins,153530,14872.82813
2014,Hauts Bassins,153530,14872.82813
2014,Hauts Bassins,153530,14872.82813
2014,Hauts Bassins,153530,14872.82813
2014,Hauts Bassins,153530,14872.82813
2014,Hauts Bassins,153530,14872.82813
2014,Hauts Bassins,153530,14872.82813
2014,Hauts Bassins,153530,3650
2014,Hauts Bassins,153530,3650
2014,Hauts Bassins,153530,3650
2014,Hauts Bassins,153530,3650
2014,Hauts Bassins,153530,3650
2014,Hauts Bassins,153530,3650
2014,Hauts Bassins,153530,6377.8125
2014,Hauts Bassins,153530,6377.8125
2014,Hauts Bassins,153530,6377.8125
2014,Hauts Bassins,153530,6377.8125
2014,Hauts Bassins,153530,6377.8125
2014,Hauts Bassins,153530,6377.8125
2014,Hauts Bassins,153530,6377.8125
2014,Hauts Bassins,153530,6377.8125
2014,Hauts Bassins,153530,6377.8125
2014,Hauts Bassins,153530,6377.8125
2014,Hauts Bassins,153530,31531.64063
2014,Hauts Bassins,153530,31531.64063
2014,Hauts Bassins,153530,31531.64063
2014,Hauts Bassins,153530,31531.64063
2014,Hauts Bassins,153530,31531.64063
2014,Hauts Bassins,153530,31531.64063
2014,Hauts Bassins,153530,31531.64063
2014,Hauts Bassins,153530,31531.64063
2014,Hauts Bassins,153530,31531.64063
2014,Hauts Bassins,153530,31531.64063
2014,Hauts Bassins,153530,4611.96875
2014,Hauts Bassins,153530,4611.96875
2014,Hauts Bassins,153530,4611.96875
2014,Hauts Bassins,153530,4611.96875
2014,Hauts Bassins,153530,4611.96875
2014,Hauts Bassins,153530,4611.96875
2014,Hauts Bassins,153530,10470.89063
2014,Hauts Bassins,153530,10470.89063
2014,Hauts Bassins,153530,9656.34375
2014,Hauts Bassins,153530,9656.34375
2014,Hauts Bassins,153530,9656.34375
2014,Hauts Bassins,153530,9656.34375
2014,Hauts Bassins,153530,9656.34375
2014,Hauts Bassins,153530,9656.34375
2014,Hauts Bassins,153530,9656.34375
2014,Hauts Bassins,153530,10899.42188
2014,Hauts Bassins,153530,10899.42188
2014,Hauts Bassins,153530,10899.42188
2014,Hauts Bassins,153530,10899.42188
2014,Hauts Bassins,153530,10899.42188
2014,Hauts Bassins,153530,10899.42188
2014,Hauts Bassins,153530,10899.42188
2014,Hauts Bassins,153530,10899.42188
2014,Hauts Bassins,153530,10899.42188
2014,Hauts Bassins,153530,10899.42188
2014,Hauts Bassins,153530,6799.640625
2014,Hauts Bassins,153530,6799.640625
2014,Hauts Bassins,153530,6799.640625
2014,Hauts Bassins,153530,6799.640625
2014,Hauts Bassins,153530,6799.640625
2014,Hauts Bassins,153530,6799.640625
2014,Hauts Bassins,153530,6799.640625
2014,Hauts Bassins,153530,6799.640625
2014,Hauts Bassins,153530,6799.640625
2014,Hauts Bassins,153530,6799.640625
2014,Hauts Bassins,153530,6799.640625
2014,Hauts Bassins,153530,6799.640625
2014,Hauts Bassins,153530,6799.640625
2014,Hauts Bassins,153530,6799.640625
2014,Hauts Bassins,153530,6799.640625
2014,Hauts Bassins,153530,6799.640625
2014,Hauts Bassins,153530,5960.5
2014,Hauts Bassins,153530,5960.5
2014,Hauts Bassins,153530,5960.5
2014,Hauts Bassins,153530,5960.5
2014,Hauts Bassins,153530,50084.35156
2014,Hauts Bassins,153530,50084.35156
2014,Hauts Bassins,153530,50084.35156
2014,Hauts Bassins,153530,50084.35156
2014,Hauts Bassins,153530,50084.35156
2014,Hauts Bassins,153530,50084.35156
2014,Hauts Bassins,153530,50084.35156
2014,Hauts Bassins,153530,50084.35156
2014,Hauts Bassins,153530,50084.35156
2014,Hauts Bassins,153530,50084.35156
2014,Hauts Bassins,153530,50084.35156
2014,Hauts Bassins,153530,24017.9375
2014,Hauts Bassins,153530,24017.9375
2014,Hauts Bassins,153530,24017.9375
2014,Hauts Bassins,153530,24017.9375
2014,Hauts Bassins,153530,24017.9375
2014,Hauts Bassins,153530,24017.9375
2014,Hauts Bassins,153530,24017.9375
2014,Hauts Bassins,153530,24017.9375
2014,Hauts Bassins,153530,13981.70313
2014,Hauts Bassins,153530,13981.70313
2014,Hauts Bassins,153530,13981.70313
2014,Hauts Bassins,153530,13981.70313
2014,Hauts Bassins,153530,13981.70313
2014,Hauts Bassins,153530,13981.70313
2014,Hauts Bassins,153530,13981.70313
2014,Hauts Bassins,153530,13981.70313
2014,Hauts Bassins,153530,13981.70313
2014,Hauts Bassins,153530,13981.70313
2014,Hauts Bassins,153530,13981.70313
2014,Hauts Bassins,153530,3259.296875
2014,Hauts Bassins,153530,3259.296875
2014,Hauts Bassins,153530,3259.296875
2014,Hauts Bassins,153530,3259.296875
2014,Hauts Bassins,153530,3259.296875
2014,Hauts Bassins,153530,3259.296875
2014,Hauts Bassins,153530,3259.296875
2014,Hauts Bassins,153530,3259.296875
2014,Hauts Bassins,153530,3259.296875
2014,Hauts Bassins,153530,3259.296875
2014,Hauts Bassins,153530,3259.296875
2014,Hauts Bassins,153530,3259.296875
2014,Hauts Bassins,153530,3259.296875
2014,Hauts Bassins,153530,3259.296875
2014,Hauts Bassins,153530,3259.296875
2014,Hauts Bassins,153530,3259.296875
2014,Hauts Bassins,153530,3259.296875
2014,Hauts Bassins,153530,3693.703125
2014,Hauts Bassins,153530,3693.703125
2014,Hauts Bassins,153530,3693.703125
2014,Hauts Bassins,153530,3693.703125
2014,Hauts Bassins,153530,3693.703125
2014,Hauts Bassins,153530,3693.703125
2014,Hauts Bassins,153530,3693.703125
2014,Hauts Bassins,153530,3693.703125
2014,Hauts Bassins,153530,1271.34375
2014,Hauts Bassins,153530,1271.34375
2014,Hauts Bassins,153530,1271.34375
2014,Hauts Bassins,153530,1271.34375
2014,Hauts Bassins,153530,1271.34375
2014,Hauts Bassins,153530,1271.34375
2014,Hauts Bassins,153530,1271.34375
2014,Hauts Bassins,153530,1271.34375
2014,Hauts Bassins,153530,1271.34375
2014,Hauts Bassins,153530,1271.34375
2014,Hauts Bassins,153530,1271.34375
2014,Hauts Bassins,153530,1271.34375
2014,Hauts Bassins,153530,38348.60938
2014,Hauts Bassins,153530,38348.60938
2014,Hauts Bassins,153530,38348.60938
2014,Hauts Bassins,153530,38348.60938
2014,Hauts Bassins,153530,38348.60938
2014,Hauts Bassins,153530,38348.60938
2014,Hauts Bassins,153530,38348.60938
2014,Hauts Bassins,153530,38348.60938
2014,Hauts Bassins,153530,38348.60938
2014,Hauts Bassins,153530,38348.60938
2014,Hauts Bassins,153530,38348.60938
2014,Hauts Bassins,153530,38348.60938
2014,Hauts Bassins,153530,38348.60938
2014,Hauts Bassins,153530,38348.60938
2014,Hauts Bassins,153530,38348.60938
2014,Hauts Bassins,153530,38348.60938
2014,Hauts Bassins,153530,38348.60938
2014,Hauts Bassins,153530,38348.60938
2014,Hauts Bassins,153530,38348.60938
2014,Hauts Bassins,153530,38348.60938
2014,Hauts Bassins,153530,38348.60938
2014,Hauts Bassins,153530,38348.60938
2014,Hauts Bassins,153530,38348.60938
2014,Hauts Bassins,153530,38348.60938
2014,Hauts Bassins,153530,38348.60938
2014,Hauts Bassins,153530,38348.60938
2014,Hauts Bassins,153530,38348.60938
2014,Hauts Bassins,153530,38348.60938
2014,Hauts Bassins,153530,38348.60938
2014,Hauts Bassins,153530,38348.60938
2014,Hauts Bassins,153530,21606.53125
2014,Hauts Bassins,153530,21606.53125
2014,Hauts Bassins,153530,21606.53125
2014,Hauts Bassins,153530,21606.53125
2014,Hauts Bassins,153530,21606.53125
2014,Hauts Bassins,153530,73512.17969
2014,Hauts Bassins,153530,73512.17969
2014,Hauts Bassins,153530,73512.17969
2014,Hauts Bassins,153530,73512.17969
2014,Hauts Bassins,153530,73512.17969
2014,Hauts Bassins,153530,73512.17969
2014,Hauts Bassins,153530,73512.17969
2014,Hauts Bassins,153530,73512.17969
2014,Hauts Bassins,153530,16564.34375
2014,Hauts Bassins,153530,16564.34375
2014,Hauts Bassins,153530,16564.34375
2014,Hauts Bassins,153530,16564.34375
2014,Hauts Bassins,153530,16564.34375
2014,Hauts Bassins,153530,16564.34375
2014,Hauts Bassins,153530,16564.34375
2014,Hauts Bassins,153530,14161.57813
2014,Hauts Bassins,153530,14161.57813
2014,Hauts Bassins,153530,14161.57813
2014,Hauts Bassins,153530,49047.14844
2014,Hauts Bassins,153530,49047.14844
2014,Hauts Bassins,153530,49047.14844
2014,Hauts Bassins,153530,49047.14844
2014,Hauts Bassins,153530,49047.14844
2014,Hauts Bassins,153530,49047.14844
2014,Hauts Bassins,153530,42353.20313
2014,Hauts Bassins,153530,42353.20313
2014,Hauts Bassins,153530,42353.20313
2014,Hauts Bassins,153530,42353.20313
2014,Hauts Bassins,153530,42353.20313
2014,Hauts Bassins,153530,42353.20313
2014,Hauts Bassins,153530,56744.33594
2014,Hauts Bassins,153530,56744.33594
2014,Hauts Bassins,153530,56744.33594
2014,Hauts Bassins,153530,56744.33594
2014,Hauts Bassins,153530,56744.33594
2014,Hauts Bassins,153530,56744.33594
2014,Hauts Bassins,153530,12292.20313
2014,Hauts Bassins,153530,12292.20313
2014,Hauts Bassins,153530,12292.20313
2014,Hauts Bassins,153530,12292.20313
2014,Hauts Bassins,153530,12292.20313
2014,Hauts Bassins,153530,6133.234375
2014,Hauts Bassins,153530,6133.234375
2014,Hauts Bassins,153530,6133.234375
2014,Hauts Bassins,153530,6133.234375
2014,Hauts Bassins,153530,6133.234375
2014,Hauts Bassins,153530,6133.234375
2014,Hauts Bassins,153530,6133.234375
2014,Hauts Bassins,153530,6133.234375
2014,Hauts Bassins,153530,6133.234375
2014,Hauts Bassins,153530,6133.234375
2014,Hauts Bassins,153530,7095.328125
2014,Hauts Bassins,153530,7095.328125
2014,Hauts Bassins,153530,7095.328125
2014,Hauts Bassins,153530,7095.328125
2014,Hauts Bassins,153530,32402.49219
2014,Hauts Bassins,153530,32402.49219
2014,Hauts Bassins,153530,32402.49219
2014,Hauts Bassins,153530,32402.49219
2014,Hauts Bassins,153530,32402.49219
2014,Hauts Bassins,153530,32402.49219
2014,Hauts Bassins,153530,32402.49219
2014,Hauts Bassins,153530,32402.49219
2014,Hauts Bassins,153530,55952.34375
2014,Hauts Bassins,153530,55952.34375
2014,Hauts Bassins,153530,55952.34375
2014,Hauts Bassins,153530,55952.34375
2014,Hauts Bassins,153530,55952.34375
2014,Hauts Bassins,153530,55952.34375
2014,Hauts Bassins,153530,55952.34375
2014,Hauts Bassins,153530,55952.34375
2014,Hauts Bassins,153530,55952.34375
2014,Hauts Bassins,153530,55952.34375
2014,Hauts Bassins,153530,16035.84375
2014,Hauts Bassins,153530,16035.84375
2014,Hauts Bassins,153530,16035.84375
2014,Hauts Bassins,153530,16035.84375
2014,Hauts Bassins,153530,16035.84375
2014,Hauts Bassins,153530,16035.84375
2014,Hauts Bassins,153530,28150.17969
2014,Hauts Bassins,153530,28150.17969
2014,Hauts Bassins,153530,28150.17969
2014,Hauts Bassins,153530,28150.17969
2014,Hauts Bassins,153530,28150.17969
2014,Hauts Bassins,153530,28150.17969
2014,Hauts Bassins,153530,28150.17969
2014,Hauts Bassins,153530,28150.17969
2014,Hauts Bassins,153530,4351.65625
2014,Hauts Bassins,153530,4351.65625
2014,Hauts Bassins,153530,4351.65625
2014,Hauts Bassins,153530,4351.65625
2014,Hauts Bassins,153530,4351.65625
2014,Hauts Bassins,153530,4351.65625
2014,Hauts Bassins,153530,4351.65625
2014,Hauts Bassins,153530,85220.38281
2014,Hauts Bassins,153530,85220.38281
2014,Hauts Bassins,153530,85220.38281
2014,Hauts Bassins,153530,85220.38281
2014,Hauts Bassins,153530,85220.38281
2014,Hauts Bassins,153530,85220.38281
2014,Hauts Bassins,153530,35225.48438
2014,Hauts Bassins,153530,35225.48438
2014,Hauts Bassins,153530,35225.48438
2014,Hauts Bassins,153530,35225.48438
2014,Hauts Bassins,153530,35225.48438
2014,Hauts Bassins,153530,28960.33594
2014,Hauts Bassins,153530,28960.33594
2014,Hauts Bassins,153530,28960.33594
2014,Hauts Bassins,153530,28960.33594
2014,Hauts Bassins,153530,28960.33594
2014,Hauts Bassins,153530,28960.33594
2014,Hauts Bassins,153530,28960.33594
2014,Hauts Bassins,153530,28960.33594
2014,Hauts Bassins,153530,28960.33594
2014,Hauts Bassins,153530,13126.20313
2014,Hauts Bassins,153530,13126.20313
2014,Hauts Bassins,153530,46225.71094
2014,Hauts Bassins,153530,46225.71094
2014,Hauts Bassins,153530,46225.71094
2014,Hauts Bassins,153530,46225.71094
2014,Hauts Bassins,153530,89701.78516
2014,Hauts Bassins,153530,89701.78516
2014,Hauts Bassins,153530,89701.78516
2014,Hauts Bassins,153530,89701.78516
2014,Hauts Bassins,153530,89701.78516
2014,Hauts Bassins,153530,89701.78516
2014,Hauts Bassins,153530,89701.78516
2014,Hauts Bassins,153530,89701.78516
2014,Hauts Bassins,153530,89701.78516
2014,Hauts Bassins,153530,89701.78516
2014,Hauts Bassins,153530,40182.82813
2014,Hauts Bassins,153530,40182.82813
2014,Hauts Bassins,153530,40182.82813
2014,Hauts Bassins,153530,40182.82813
2014,Hauts Bassins,153530,9474.84375
2014,Hauts Bassins,153530,9474.84375
2014,Hauts Bassins,153530,9474.84375
2014,Hauts Bassins,153530,9474.84375
2014,Hauts Bassins,153530,9474.84375
2014,Hauts Bassins,153530,9474.84375
2014,Hauts Bassins,153530,9474.84375
2014,Hauts Bassins,153530,9474.84375
2014,Hauts Bassins,153530,9474.84375
2014,Hauts Bassins,153530,9474.84375
2014,Hauts Bassins,153530,49003.33594
2014,Hauts Bassins,153530,49003.33594
2014,Hauts Bassins,153530,49003.33594
2014,Hauts Bassins,153530,49003.33594
2014,Hauts Bassins,153530,49003.33594
2014,Hauts Bassins,153530,49003.33594
2014,Hauts Bassins,153530,49003.33594
2014,Hauts Bassins,153530,46039.51563
2014,Hauts Bassins,153530,46039.51563
2014,Hauts Bassins,153530,46039.51563
2014,Hauts Bassins,153530,46039.51563
2014,Hauts Bassins,153530,46039.51563
2014,Hauts Bassins,153530,46039.51563
2014,Hauts Bassins,153530,46039.51563
2014,Hauts Bassins,153530,46039.51563
2014,Hauts Bassins,153530,46039.51563
2014,Hauts Bassins,153530,28592.33594
2014,Hauts Bassins,153530,28592.33594
2014,Hauts Bassins,153530,28592.33594
2014,Hauts Bassins,153530,28592.33594
2014,Hauts Bassins,153530,28592.33594
2014,Hauts Bassins,153530,28592.33594
2014,Hauts Bassins,153530,28592.33594
2014,Hauts Bassins,153530,28592.33594
2014,Hauts Bassins,153530,28592.33594
2014,Hauts Bassins,153530,28592.33594
2014,Hauts Bassins,153530,28592.33594
2014,Hauts Bassins,153530,28592.33594
2014,Hauts Bassins,153530,6260.671875
2014,Hauts Bassins,153530,6260.671875
2014,Hauts Bassins,153530,6260.671875
2014,Hauts Bassins,153530,6260.671875
2014,Hauts Bassins,153530,6260.671875
2014,Hauts Bassins,153530,6260.671875
2014,Hauts Bassins,153530,72327.50781
2014,Hauts Bassins,153530,72327.50781
2014,Hauts Bassins,153530,72327.50781
2014,Hauts Bassins,153530,72327.50781
2014,Hauts Bassins,153530,72327.50781
2014,Hauts Bassins,153530,72327.50781
2014,Hauts Bassins,153530,72327.50781
2014,Hauts Bassins,153530,72327.50781
2014,Hauts Bassins,153530,72327.50781
2014,Hauts Bassins,153530,72327.50781
2014,Hauts Bassins,153530,72327.50781
2014,Hauts Bassins,153530,21607.96875
2014,Hauts Bassins,153530,21607.96875
2014,Hauts Bassins,153530,21607.96875
2014,Hauts Bassins,153530,21607.96875
2014,Hauts Bassins,153530,21607.96875
2014,Hauts Bassins,153530,6155.75
2014,Hauts Bassins,153530,6155.75
2014,Hauts Bassins,153530,6155.75
2014,Hauts Bassins,153530,6155.75
2014,Hauts Bassins,153530,6155.75
2014,Hauts Bassins,153530,6155.75
2014,Hauts Bassins,153530,6155.75
2014,Hauts Bassins,153530,6155.75
2014,Hauts Bassins,153530,35042.82813
2014,Hauts Bassins,153530,35042.82813
2014,Hauts Bassins,153530,35042.82813
2014,Hauts Bassins,153530,35042.82813
2014,Hauts Bassins,153530,35042.82813
2014,Hauts Bassins,153530,35042.82813
2014,Hauts Bassins,153530,35042.82813
2014,Hauts Bassins,153530,35042.82813
2014,Hauts Bassins,153530,35042.82813
2014,Hauts Bassins,153530,35042.82813
2014,Hauts Bassins,153530,35042.82813
2014,Hauts Bassins,153530,35042.82813
2014,Hauts Bassins,153530,5319.765625
2014,Hauts Bassins,153530,5319.765625
2014,Hauts Bassins,153530,5319.765625
2014,Hauts Bassins,153530,5319.765625
2014,Hauts Bassins,153530,5319.765625
2014,Hauts Bassins,153530,5319.765625
2014,Hauts Bassins,153530,5319.765625
2014,Hauts Bassins,153530,5319.765625
2014,Hauts Bassins,153530,5319.765625
2014,Hauts Bassins,153530,5319.765625
2014,Hauts Bassins,153530,5319.765625
2014,Hauts Bassins,153530,5319.765625
2014,Hauts Bassins,153530,5319.765625
2014,Hauts Bassins,153530,5319.765625
2014,Hauts Bassins,153530,5319.765625
2014,Hauts Bassins,153530,5319.765625
2014,Hauts Bassins,153530,5319.765625
2014,Hauts Bassins,153530,5319.765625
2014,Hauts Bassins,153530,5319.765625
2014,Hauts Bassins,153530,5319.765625
2014,Hauts Bassins,153530,5319.765625
2014,Hauts Bassins,153530,5319.765625
2014,Hauts Bassins,153530,5319.765625
2014,Hauts Bassins,153530,5319.765625
2014,Hauts Bassins,153530,5319.765625
2014,Hauts Bassins,153530,5319.765625
2014,Hauts Bassins,153530,15785.04688
2014,Hauts Bassins,153530,15785.04688
2014,Hauts Bassins,153530,15785.04688
2014,Hauts Bassins,153530,15785.04688
2014,Hauts Bassins,153530,15785.04688
2014,Hauts Bassins,153530,5188.46875
2014,Hauts Bassins,153530,5188.46875
2014,Hauts Bassins,153530,5188.46875
2014,Hauts Bassins,153530,5188.46875
2014,Hauts Bassins,153530,5188.46875
2014,Hauts Bassins,153530,5188.46875
2014,Hauts Bassins,153530,5188.46875
2014,Hauts Bassins,153530,29976.46875
2014,Hauts Bassins,153530,29976.46875
2014,Hauts Bassins,153530,29976.46875
2014,Hauts Bassins,153530,29976.46875
2014,Hauts Bassins,153530,29976.46875
2014,Hauts Bassins,153530,29976.46875
2014,Hauts Bassins,153530,29976.46875
2014,Hauts Bassins,153530,29976.46875
2014,Hauts Bassins,153530,29976.46875
2014,Hauts Bassins,153530,29976.46875
2014,Hauts Bassins,153530,29976.46875
2014,Hauts Bassins,153530,29976.46875
2014,Hauts Bassins,153530,29976.46875
2014,Hauts Bassins,153530,29976.46875
2014,Hauts Bassins,153530,29976.46875
2014,Hauts Bassins,153530,29976.46875
2014,Hauts Bassins,153530,29976.46875
2014,Hauts Bassins,153530,29976.46875
2014,Hauts Bassins,153530,29976.46875
2014,Hauts Bassins,153530,29976.46875
2014,Hauts Bassins,153530,29976.46875
2014,Hauts Bassins,153530,72614.5
2014,Hauts Bassins,153530,72614.5
2014,Hauts Bassins,153530,72614.5
2014,Hauts Bassins,153530,72614.5
2014,Hauts Bassins,153530,72614.5
2014,Hauts Bassins,153530,72614.5
2014,Hauts Bassins,153530,72614.5
2014,Hauts Bassins,153530,72614.5
2014,Hauts Bassins,153530,72614.5
2014,Hauts Bassins,153530,72614.5
2014,Hauts Bassins,153530,72614.5
2014,Hauts Bassins,153530,72614.5
2014,Hauts Bassins,153530,72614.5
2014,Hauts Bassins,153530,72614.5
2014,Hauts Bassins,153530,72614.5
2014,Hauts Bassins,153530,72614.5
2014,Hauts Bassins,153530,72614.5
2014,Hauts Bassins,153530,67503.85156
2014,Hauts Bassins,153530,67503.85156
2014,Hauts Bassins,153530,67503.85156
2014,Hauts Bassins,153530,67503.85156
2014,Hauts Bassins,153530,67503.85156
2014,Hauts Bassins,153530,67503.85156
2014,Hauts Bassins,153530,67503.85156
2014,Hauts Bassins,153530,67503.85156
2014,Hauts Bassins,153530,67503.85156
2014,Hauts Bassins,153530,67503.85156
2014,Hauts Bassins,153530,67503.85156
2014,Hauts Bassins,153530,67503.85156
2014,Hauts Bassins,153530,63811.67969
2014,Hauts Bassins,153530,63811.67969
2014,Hauts Bassins,153530,63811.67969
2014,Hauts Bassins,153530,63811.67969
2014,Hauts Bassins,153530,63811.67969
2014,Hauts Bassins,153530,63811.67969
2014,Hauts Bassins,153530,63811.67969
2014,Hauts Bassins,153530,63811.67969
2014,Hauts Bassins,153530,63811.67969
2014,Hauts Bassins,153530,63811.67969
2014,Hauts Bassins,153530,63811.67969
2014,Hauts Bassins,153530,63811.67969
2014,Hauts Bassins,153530,63811.67969
2014,Hauts Bassins,153530,63811.67969
2014,Hauts Bassins,153530,2614.546875
2014,Hauts Bassins,153530,2614.546875
2014,Hauts Bassins,153530,2614.546875
2014,Hauts Bassins,153530,2614.546875
2014,Hauts Bassins,153530,2614.546875
2014,Hauts Bassins,153530,2614.546875
2014,Hauts Bassins,153530,2614.546875
2014,Hauts Bassins,153530,2614.546875
2014,Hauts Bassins,153530,2614.546875
2014,Hauts Bassins,153530,2614.546875
2014,Hauts Bassins,153530,2614.546875
2014,Hauts Bassins,153530,2614.546875
2014,Hauts Bassins,153530,2614.546875
2014,Hauts Bassins,153530,2614.546875
2014,Hauts Bassins,153530,2614.546875
2014,Hauts Bassins,153530,2614.546875
2014,Hauts Bassins,153530,26829.34375
2014,Hauts Bassins,153530,26829.34375
2014,Hauts Bassins,153530,26829.34375
2014,Hauts Bassins,153530,26829.34375
2014,Hauts Bassins,153530,26829.34375
2014,Hauts Bassins,153530,26829.34375
2014,Hauts Bassins,153530,26829.34375
2014,Hauts Bassins,153530,26829.34375
2014,Hauts Bassins,153530,26829.34375
2014,Hauts Bassins,153530,26829.34375
2014,Hauts Bassins,153530,4462.328125
2014,Hauts Bassins,153530,4462.328125
2014,Hauts Bassins,153530,4462.328125
2014,Hauts Bassins,153530,4462.328125
2014,Hauts Bassins,153530,4462.328125
2014,Hauts Bassins,153530,4462.328125
2014,Hauts Bassins,153530,4462.328125
2014,Hauts Bassins,153530,4462.328125
2014,Hauts Bassins,153530,18395.10938
2014,Hauts Bassins,153530,18395.10938
2014,Hauts Bassins,153530,18395.10938
2014,Hauts Bassins,153530,18395.10938
2014,Hauts Bassins,153530,19241.04688
2014,Hauts Bassins,153530,19241.04688
2014,Hauts Bassins,153530,19241.04688
2014,Hauts Bassins,153530,19241.04688
2014,Hauts Bassins,153530,19241.04688
2014,Hauts Bassins,153530,19241.04688
2014,Hauts Bassins,153530,19241.04688
2014,Hauts Bassins,153530,59998.36719
2014,Hauts Bassins,153530,59998.36719
2014,Hauts Bassins,153530,59998.36719
2014,Hauts Bassins,153530,59998.36719
2014,Hauts Bassins,153530,59998.36719
2014,Hauts Bassins,153530,59998.36719
2014,Hauts Bassins,153530,59998.36719
2014,Hauts Bassins,153530,59998.36719
2014,Hauts Bassins,153530,59998.36719
2014,Hauts Bassins,153530,59998.36719
2014,Hauts Bassins,153530,59998.36719
2014,Hauts Bassins,153530,59998.36719
2014,Hauts Bassins,153530,39787.84375
2014,Hauts Bassins,153530,39787.84375
2014,Hauts Bassins,153530,39787.84375
2014,Hauts Bassins,153530,39787.84375
2014,Hauts Bassins,153530,39787.84375
2014,Hauts Bassins,153530,39787.84375
2014,Hauts Bassins,153530,39787.84375
2014,Hauts Bassins,153530,34545.10156
2014,Hauts Bassins,153530,34545.10156
2014,Hauts Bassins,153530,34545.10156
2014,Hauts Bassins,153530,34545.10156
2014,Hauts Bassins,153530,34545.10156
2014,Hauts Bassins,153530,34545.10156
2014,Hauts Bassins,153530,34545.10156
2014,Hauts Bassins,153530,34545.10156
2014,Hauts Bassins,153530,34545.10156
2014,Hauts Bassins,153530,34545.10156
2014,Hauts Bassins,153530,61317.05469
2014,Hauts Bassins,153530,61317.05469
2014,Hauts Bassins,153530,61317.05469
2014,Hauts Bassins,153530,61317.05469
2014,Hauts Bassins,153530,61317.05469
2014,Hauts Bassins,153530,61317.05469
2014,Hauts Bassins,153530,61317.05469
2014,Hauts Bassins,153530,61317.05469
2014,Hauts Bassins,153530,61317.05469
2014,Hauts Bassins,153530,61317.05469
2014,Hauts Bassins,153530,61317.05469
2014,Hauts Bassins,153530,61317.05469
2014,Hauts Bassins,153530,61317.05469
2014,Hauts Bassins,153530,61317.05469
2014,Hauts Bassins,153530,61317.05469
2014,Hauts Bassins,153530,61317.05469
2014,Hauts Bassins,153530,61317.05469
2014,Hauts Bassins,153530,61317.05469
2014,Hauts Bassins,153530,61317.05469
2014,Hauts Bassins,153530,61317.05469
2014,Hauts Bassins,153530,51123.625
2014,Hauts Bassins,153530,51123.625
2014,Hauts Bassins,153530,51123.625
2014,Hauts Bassins,153530,51123.625
2014,Hauts Bassins,153530,51123.625
2014,Hauts Bassins,153530,51123.625
2014,Hauts Bassins,153530,51123.625
2014,Hauts Bassins,153530,51123.625
2014,Hauts Bassins,153530,51123.625
2014,Hauts Bassins,153530,51123.625
2014,Hauts Bassins,153530,51123.625
2014,Hauts Bassins,153530,51123.625
2014,Hauts Bassins,153530,51123.625
2014,Hauts Bassins,153530,51123.625
2014,Hauts Bassins,153530,21764.92188
2014,Hauts Bassins,153530,21764.92188
2014,Hauts Bassins,153530,21764.92188
2014,Hauts Bassins,153530,21764.92188
2014,Hauts Bassins,153530,21764.92188
2014,Hauts Bassins,153530,45947.04688
2014,Hauts Bassins,153530,45947.04688
2014,Hauts Bassins,153530,45947.04688
2014,Hauts Bassins,153530,45947.04688
2014,Hauts Bassins,153530,45947.04688
2014,Hauts Bassins,153530,45947.04688
2014,Hauts Bassins,153530,42105.24219
2014,Hauts Bassins,153530,42105.24219
2014,Hauts Bassins,153530,42105.24219
2014,Hauts Bassins,153530,42105.24219
2014,Hauts Bassins,153530,42105.24219
2014,Hauts Bassins,153530,42105.24219
2014,Hauts Bassins,153530,42105.24219
2014,Hauts Bassins,153530,42105.24219
2014,Hauts Bassins,153530,42105.24219
2014,Hauts Bassins,153530,42105.24219
2014,Hauts Bassins,153530,42105.24219
2014,Hauts Bassins,153530,42105.24219
2014,Hauts Bassins,153530,42105.24219
2014,Hauts Bassins,153530,42105.24219
2014,Hauts Bassins,153530,34095.47656
2014,Hauts Bassins,153530,34095.47656
2014,Hauts Bassins,153530,34095.47656
2014,Hauts Bassins,153530,34095.47656
2014,Hauts Bassins,153530,34095.47656
2014,Hauts Bassins,153530,34095.47656
2014,Hauts Bassins,153530,34095.47656
2014,Hauts Bassins,153530,34095.47656
2014,Hauts Bassins,153530,34095.47656
2014,Hauts Bassins,153530,34095.47656
2014,Hauts Bassins,153530,19488.20313
2014,Hauts Bassins,153530,19488.20313
2014,Hauts Bassins,153530,19488.20313
2014,Hauts Bassins,153530,19488.20313
2014,Hauts Bassins,153530,19488.20313
2014,Hauts Bassins,153530,42258.60938
2014,Hauts Bassins,153530,42258.60938
2014,Hauts Bassins,153530,42258.60938
2014,Hauts Bassins,153530,42258.60938
2014,Hauts Bassins,153530,42258.60938
2014,Hauts Bassins,153530,42258.60938
2014,Hauts Bassins,153530,42258.60938
2014,Hauts Bassins,153530,42258.60938
2014,Hauts Bassins,153530,42258.60938
2014,Hauts Bassins,153530,42258.60938
2014,Hauts Bassins,153530,29951.875
2014,Hauts Bassins,153530,29951.875
2014,Hauts Bassins,153530,29951.875
2014,Hauts Bassins,153530,29951.875
2014,Hauts Bassins,153530,29951.875
2014,Hauts Bassins,153530,31239.77344
2014,Hauts Bassins,153530,31239.77344
2014,Hauts Bassins,153530,31239.77344
2014,Hauts Bassins,153530,31239.77344
2014,Hauts Bassins,153530,31239.77344
2014,Hauts Bassins,153530,31239.77344
2014,Hauts Bassins,153530,80370.82031
2014,Hauts Bassins,153530,80370.82031
2014,Hauts Bassins,153530,80370.82031
2014,Hauts Bassins,153530,80370.82031
2014,Hauts Bassins,153530,80370.82031
2014,Hauts Bassins,153530,80370.82031
2014,Hauts Bassins,153530,80370.82031
2014,Hauts Bassins,153530,80370.82031
2014,Hauts Bassins,153530,80370.82031
2014,Hauts Bassins,153530,80370.82031
2014,Hauts Bassins,153530,80370.82031
2014,Hauts Bassins,153530,80370.82031
2014,Hauts Bassins,153530,80370.82031
2014,Hauts Bassins,153530,80370.82031
2014,Hauts Bassins,153530,62858.09375
2014,Hauts Bassins,153530,62858.09375
2014,Hauts Bassins,153530,18810.25
2014,Hauts Bassins,153530,18810.25
2014,Hauts Bassins,153530,18810.25
2014,Hauts Bassins,153530,18810.25
2014,Hauts Bassins,153530,18810.25
2014,Hauts Bassins,153530,18810.25
2014,Hauts Bassins,153530,18810.25
2014,Hauts Bassins,153530,18810.25
2014,Hauts Bassins,153530,18810.25
2014,Hauts Bassins,153530,29992.6875
2014,Hauts Bassins,153530,29992.6875
2014,Hauts Bassins,153530,29992.6875
2014,Hauts Bassins,153530,29992.6875
2014,Hauts Bassins,153530,29992.6875
2014,Hauts Bassins,153530,29992.6875
2014,Hauts Bassins,153530,29992.6875
2014,Hauts Bassins,153530,29992.6875
2014,Hauts Bassins,153530,29992.6875
2014,Hauts Bassins,153530,29992.6875
2014,Hauts Bassins,153530,29992.6875
2014,Hauts Bassins,153530,29992.6875
2014,Hauts Bassins,153530,29992.6875
2014,Hauts Bassins,153530,38288.51563
2014,Hauts Bassins,153530,38288.51563
2014,Hauts Bassins,153530,38288.51563
2014,Hauts Bassins,153530,38288.51563
2014,Hauts Bassins,153530,38288.51563
2014,Hauts Bassins,153530,38288.51563
2014,Hauts Bassins,153530,38288.51563
2014,Hauts Bassins,153530,38288.51563
2014,Hauts Bassins,153530,38288.51563
2014,Hauts Bassins,153530,38288.51563
2014,Hauts Bassins,153530,38288.51563
2014,Hauts Bassins,153530,38288.51563
2014,Hauts Bassins,153530,38288.51563
2014,Hauts Bassins,153530,18828.67188
2014,Hauts Bassins,153530,18828.67188
2014,Hauts Bassins,153530,18828.67188
2014,Hauts Bassins,153530,18828.67188
2014,Hauts Bassins,153530,18828.67188
2014,Hauts Bassins,153530,18828.67188
2014,Hauts Bassins,153530,18828.67188
2014,Hauts Bassins,153530,18828.67188
2014,Hauts Bassins,153530,2559.203125
2014,Hauts Bassins,153530,2559.203125
2014,Hauts Bassins,153530,2559.203125
2014,Hauts Bassins,153530,2559.203125
2014,Hauts Bassins,153530,2559.203125
2014,Hauts Bassins,153530,2559.203125
2014,Hauts Bassins,153530,2559.203125
2014,Hauts Bassins,153530,2559.203125
2014,Hauts Bassins,153530,2559.203125
2014,Hauts Bassins,153530,2559.203125
2014,Hauts Bassins,153530,2559.203125
2014,Hauts Bassins,153530,2559.203125
2014,Hauts Bassins,153530,2559.203125
2014,Hauts Bassins,153530,2559.203125
2014,Hauts Bassins,153530,13028.45313
2014,Hauts Bassins,153530,13028.45313
2014,Hauts Bassins,153530,13028.45313
2014,Hauts Bassins,153530,13028.45313
2014,Hauts Bassins,153530,13028.45313
2014,Hauts Bassins,153530,13028.45313
2014,Hauts Bassins,153530,13028.45313
2014,Hauts Bassins,153530,13028.45313
2014,Hauts Bassins,153530,13028.45313
2014,Hauts Bassins,153530,13028.45313
2014,Hauts Bassins,153530,13028.45313
2014,Hauts Bassins,153530,13028.45313
2014,Hauts Bassins,153530,13028.45313
2014,Hauts Bassins,153530,66021.80469
2014,Hauts Bassins,153530,66021.80469
2014,Hauts Bassins,153530,66021.80469
2014,Hauts Bassins,153530,66021.80469
2014,Hauts Bassins,153530,66021.80469
2014,Hauts Bassins,153530,66021.80469
2014,Hauts Bassins,153530,66021.80469
2014,Hauts Bassins,153530,4058.28125
2014,Hauts Bassins,153530,4058.28125
2014,Hauts Bassins,153530,4058.28125
2014,Hauts Bassins,153530,4058.28125
2014,Hauts Bassins,153530,4058.28125
2014,Hauts Bassins,153530,4058.28125
2014,Hauts Bassins,153530,4058.28125
2014,Hauts Bassins,153530,44547.78125
2014,Hauts Bassins,153530,44547.78125
2014,Hauts Bassins,153530,44547.78125
2014,Hauts Bassins,153530,44547.78125
2014,Hauts Bassins,153530,44547.78125
2014,Hauts Bassins,153530,44547.78125
2014,Hauts Bassins,153530,46302.875
2014,Hauts Bassins,153530,46302.875
2014,Hauts Bassins,153530,46302.875
2014,Hauts Bassins,153530,46302.875
2014,Hauts Bassins,153530,46302.875
2014,Hauts Bassins,153530,46302.875
2014,Hauts Bassins,153530,46302.875
2014,Hauts Bassins,153530,46302.875
2014,Hauts Bassins,153530,72618.03906
2014,Hauts Bassins,153530,72618.03906
2014,Hauts Bassins,153530,72618.03906
2014,Hauts Bassins,153530,72618.03906
2014,Hauts Bassins,153530,72618.03906
2014,Hauts Bassins,153530,72618.03906
2014,Hauts Bassins,153530,72618.03906
2014,Hauts Bassins,153530,34277.875
2014,Hauts Bassins,153530,34277.875
2014,Hauts Bassins,153530,34277.875
2014,Hauts Bassins,153530,34277.875
2014,Hauts Bassins,153530,34277.875
2014,Hauts Bassins,153530,34277.875
2014,Hauts Bassins,153530,34277.875
2014,Hauts Bassins,153530,34277.875
2014,Hauts Bassins,153530,34277.875
2014,Hauts Bassins,153530,43305.78125
2014,Hauts Bassins,153530,43305.78125
2014,Hauts Bassins,153530,43305.78125
2014,Hauts Bassins,153530,43305.78125
2014,Hauts Bassins,153530,43305.78125
2014,Hauts Bassins,153530,43305.78125
2014,Hauts Bassins,153530,43305.78125
2014,Hauts Bassins,153530,43305.78125
2014,Hauts Bassins,153530,43305.78125
2014,Hauts Bassins,153530,43305.78125
2014,Hauts Bassins,153530,43305.78125
2014,Hauts Bassins,153530,43305.78125
2014,Hauts Bassins,153530,43305.78125
2014,Hauts Bassins,153530,43305.78125
2014,Hauts Bassins,153530,43305.78125
2014,Hauts Bassins,153530,9397.9375
2014,Hauts Bassins,153530,9397.9375
2014,Hauts Bassins,153530,9397.9375
2014,Hauts Bassins,153530,9397.9375
2014,Hauts Bassins,153530,9397.9375
2014,Hauts Bassins,153530,39438.9375
2014,Hauts Bassins,153530,39438.9375
2014,Hauts Bassins,153530,39438.9375
2014,Hauts Bassins,153530,39438.9375
2014,Hauts Bassins,153530,39438.9375
2014,Hauts Bassins,153530,39438.9375
2014,Hauts Bassins,153530,39438.9375
2014,Hauts Bassins,153530,39438.9375
2014,Hauts Bassins,153530,39438.9375
2014,Hauts Bassins,153530,39438.9375
2014,Hauts Bassins,153530,39438.9375
2014,Hauts Bassins,153530,15026.03125
2014,Hauts Bassins,153530,15026.03125
2014,Hauts Bassins,153530,15026.03125
2014,Hauts Bassins,153530,15026.03125
2014,Hauts Bassins,153530,15026.03125
2014,Hauts Bassins,153530,15026.03125
2014,Hauts Bassins,153530,15026.03125
2014,Hauts Bassins,153530,15026.03125
2014,Hauts Bassins,153530,15026.03125
2014,Hauts Bassins,153530,4428.484375
2014,Hauts Bassins,153530,4428.484375
2014,Hauts Bassins,153530,4428.484375
2014,Hauts Bassins,153530,4428.484375
2014,Hauts Bassins,153530,4428.484375
2014,Hauts Bassins,153530,4428.484375
2014,Hauts Bassins,153530,4428.484375
2014,Hauts Bassins,153530,4428.484375
2014,Hauts Bassins,153530,4428.484375
2014,Hauts Bassins,153530,4428.484375
2014,Hauts Bassins,153530,4428.484375
2014,Hauts Bassins,153530,4428.484375
2014,Hauts Bassins,153530,4428.484375
2014,Hauts Bassins,153530,4428.484375
2014,Hauts Bassins,153530,4428.484375
2014,Hauts Bassins,153530,80390.78125
2014,Hauts Bassins,153530,80390.78125
2014,Hauts Bassins,153530,80390.78125
2014,Hauts Bassins,153530,80390.78125
2014,Hauts Bassins,153530,80390.78125
2014,Hauts Bassins,153530,80390.78125
2014,Hauts Bassins,153530,80390.78125
2014,Hauts Bassins,153530,80390.78125
2014,Hauts Bassins,153530,80390.78125
2014,Hauts Bassins,153530,80390.78125
2014,Hauts Bassins,153530,80390.78125
2014,Hauts Bassins,153530,80390.78125
2014,Hauts Bassins,153530,80390.78125
2014,Hauts Bassins,153530,80390.78125
2014,Hauts Bassins,153530,80390.78125
2014,Hauts Bassins,153530,11453.71875
2014,Hauts Bassins,153530,11453.71875
2014,Hauts Bassins,153530,11453.71875
2014,Hauts Bassins,153530,11453.71875
2014,Hauts Bassins,153530,11453.71875
2014,Hauts Bassins,153530,11453.71875
2014,Hauts Bassins,153530,11453.71875
2014,Hauts Bassins,153530,11453.71875
2014,Hauts Bassins,153530,11453.71875
2014,Hauts Bassins,153530,11453.71875
2014,Hauts Bassins,153530,11453.71875
2014,Hauts Bassins,153530,35387.94531
2014,Hauts Bassins,153530,35387.94531
2014,Hauts Bassins,153530,35387.94531
2014,Hauts Bassins,153530,35387.94531
2014,Hauts Bassins,153530,35387.94531
2014,Hauts Bassins,153530,35387.94531
2014,Hauts Bassins,153530,35387.94531
2014,Hauts Bassins,153530,35387.94531
2014,Hauts Bassins,153530,35387.94531
2014,Hauts Bassins,153530,35387.94531
2014,Hauts Bassins,153530,8894.328125
2014,Hauts Bassins,153530,8894.328125
2014,Hauts Bassins,153530,8894.328125
2014,Hauts Bassins,153530,8894.328125
2014,Hauts Bassins,153530,8894.328125
2014,Hauts Bassins,153530,8894.328125
2014,Hauts Bassins,153530,8894.328125
2014,Hauts Bassins,153530,8894.328125
2014,Hauts Bassins,153530,8894.328125
2014,Hauts Bassins,153530,8894.328125
2014,Hauts Bassins,153530,29280.96094
2014,Hauts Bassins,153530,29280.96094
2014,Hauts Bassins,153530,29280.96094
2014,Hauts Bassins,153530,29280.96094
2014,Hauts Bassins,153530,29280.96094
2014,Hauts Bassins,153530,29280.96094
2014,Hauts Bassins,153530,29280.96094
2014,Hauts Bassins,153530,29280.96094
2014,Hauts Bassins,153530,29280.96094
2014,Hauts Bassins,153530,29280.96094
2014,Hauts Bassins,153530,29280.96094
2014,Hauts Bassins,153530,29280.96094
2014,Hauts Bassins,153530,29280.96094
2014,Hauts Bassins,153530,29280.96094
2014,Hauts Bassins,153530,29280.96094
2014,Hauts Bassins,153530,29280.96094
2014,Hauts Bassins,153530,84389.77344
2014,Hauts Bassins,153530,84389.77344
2014,Hauts Bassins,153530,84389.77344
2014,Hauts Bassins,153530,84389.77344
2014,Hauts Bassins,153530,84389.77344
2014,Hauts Bassins,153530,84389.77344
2014,Hauts Bassins,153530,84389.77344
2014,Hauts Bassins,153530,84389.77344
2014,Hauts Bassins,153530,84389.77344
2014,Hauts Bassins,153530,84389.77344
2014,Hauts Bassins,153530,84389.77344
2014,Hauts Bassins,153530,84389.77344
2014,Hauts Bassins,153530,84389.77344
2014,Hauts Bassins,153530,84389.77344
2014,Hauts Bassins,153530,5283.515625
2014,Hauts Bassins,153530,5283.515625
2014,Hauts Bassins,153530,5283.515625
2014,Hauts Bassins,153530,5283.515625
2014,Hauts Bassins,153530,5283.515625
2014,Hauts Bassins,153530,5283.515625
2014,Hauts Bassins,153530,5283.515625
2014,Hauts Bassins,153530,5283.515625
2014,Hauts Bassins,153530,5283.515625
2014,Hauts Bassins,153530,5283.515625
2014,Hauts Bassins,153530,5283.515625
2014,Hauts Bassins,153530,5283.515625
2014,Hauts Bassins,153530,5283.515625
2014,Hauts Bassins,153530,5283.515625
2014,Hauts Bassins,153530,5283.515625
2014,Hauts Bassins,153530,5283.515625
2014,Hauts Bassins,153530,5283.515625
2014,Hauts Bassins,153530,5283.515625
2014,Hauts Bassins,153530,12791.21875
2014,Hauts Bassins,153530,12791.21875
2014,Hauts Bassins,153530,12791.21875
2014,Hauts Bassins,153530,12791.21875
2014,Hauts Bassins,153530,12791.21875
2014,Hauts Bassins,153530,12791.21875
2014,Hauts Bassins,153530,12791.21875
2014,Hauts Bassins,153530,12791.21875
2014,Hauts Bassins,153530,12791.21875
2014,Hauts Bassins,153530,12791.21875
2014,Hauts Bassins,153530,12791.21875
2014,Hauts Bassins,153530,12791.21875
2014,Hauts Bassins,153530,12791.21875
2014,Hauts Bassins,153530,58060.90625
2014,Hauts Bassins,153530,58060.90625
2014,Hauts Bassins,153530,58060.90625
2014,Hauts Bassins,153530,58060.90625
2014,Hauts Bassins,153530,58060.90625
2014,Hauts Bassins,153530,58060.90625
2014,Hauts Bassins,153530,58060.90625
2014,Hauts Bassins,153530,58060.90625
2014,Hauts Bassins,153530,58060.90625
2014,Hauts Bassins,153530,58060.90625
2014,Hauts Bassins,153530,74972.70313
2014,Hauts Bassins,153530,74972.70313
2014,Hauts Bassins,153530,74972.70313
2014,Hauts Bassins,153530,74972.70313
2014,Hauts Bassins,153530,74972.70313
2014,Hauts Bassins,153530,74972.70313
2014,Hauts Bassins,153530,74972.70313
2014,Hauts Bassins,153530,74972.70313
2014,Hauts Bassins,153530,74972.70313
2014,Hauts Bassins,153530,74972.70313
2014,Hauts Bassins,153530,55663.16406
2014,Hauts Bassins,153530,55663.16406
2014,Hauts Bassins,153530,55663.16406
2014,Hauts Bassins,153530,55663.16406
2014,Hauts Bassins,153530,55663.16406
2014,Hauts Bassins,153530,55663.16406
2014,Hauts Bassins,153530,55663.16406
2014,Hauts Bassins,153530,55663.16406
2014,Hauts Bassins,153530,55663.16406
2014,Hauts Bassins,153530,55663.16406
2014,Hauts Bassins,153530,26166.85938
2014,Hauts Bassins,153530,26166.85938
2014,Hauts Bassins,153530,26166.85938
2014,Hauts Bassins,153530,26166.85938
2014,Hauts Bassins,153530,26166.85938
2014,Hauts Bassins,153530,26166.85938
2014,Hauts Bassins,153530,26166.85938
2014,Hauts Bassins,153530,26166.85938
2014,Hauts Bassins,153530,26166.85938
2014,Hauts Bassins,153530,26166.85938
2014,Hauts Bassins,153530,27563.625
2014,Hauts Bassins,153530,27563.625
2014,Hauts Bassins,153530,27563.625
2014,Hauts Bassins,153530,27563.625
2014,Hauts Bassins,153530,27563.625
2014,Hauts Bassins,153530,27563.625
2014,Hauts Bassins,153530,27563.625
2014,Hauts Bassins,153530,27563.625
2014,Hauts Bassins,153530,27563.625
2014,Hauts Bassins,153530,27563.625
2014,Hauts Bassins,153530,43371.07813
2014,Hauts Bassins,153530,43371.07813
2014,Hauts Bassins,153530,43371.07813
2014,Hauts Bassins,153530,43371.07813
2014,Hauts Bassins,153530,43371.07813
2014,Hauts Bassins,153530,43371.07813
2014,Hauts Bassins,153530,43371.07813
2014,Hauts Bassins,153530,43371.07813
2014,Hauts Bassins,153530,25984.49219
2014,Hauts Bassins,153530,25984.49219
2014,Hauts Bassins,153530,25984.49219
2014,Hauts Bassins,153530,25984.49219
2014,Hauts Bassins,153530,25984.49219
2014,Hauts Bassins,153530,25984.49219
2014,Hauts Bassins,153530,25984.49219
2014,Hauts Bassins,153530,25984.49219
2014,Hauts Bassins,153530,25984.49219
2014,Hauts Bassins,153530,25984.49219
2014,Hauts Bassins,153530,25984.49219
2014,Hauts Bassins,153530,25984.49219
2014,Hauts Bassins,153530,25984.49219
2014,Hauts Bassins,153530,25984.49219
2014,Hauts Bassins,153530,25984.49219
2014,Hauts Bassins,153530,25984.49219
2014,Hauts Bassins,153530,25984.49219
2014,Hauts Bassins,153530,25984.49219
2014,Hauts Bassins,153530,25984.49219
2014,Hauts Bassins,153530,25984.49219
2014,Hauts Bassins,153530,25984.49219
2014,Hauts Bassins,153530,25984.49219
2014,Hauts Bassins,153530,25984.49219
2014,Hauts Bassins,153530,25984.49219
2014,Hauts Bassins,153530,25984.49219
2014,Hauts Bassins,153530,25984.49219
2014,Hauts Bassins,153530,79892.19531
2014,Hauts Bassins,153530,79892.19531
2014,Hauts Bassins,153530,79892.19531
2014,Hauts Bassins,153530,79892.19531
2014,Hauts Bassins,153530,79892.19531
2014,Hauts Bassins,153530,79892.19531
2014,Hauts Bassins,153530,79892.19531
2014,Hauts Bassins,153530,79892.19531
2014,Hauts Bassins,153530,79892.19531
2014,Hauts Bassins,153530,79892.19531
2014,Hauts Bassins,153530,79892.19531
2014,Hauts Bassins,153530,79892.19531
2014,Hauts Bassins,153530,79892.19531
2014,Hauts Bassins,153530,79892.19531
2014,Hauts Bassins,153530,79892.19531
2014,Hauts Bassins,153530,79892.19531
2014,Hauts Bassins,153530,79892.19531
2014,Hauts Bassins,153530,43472.91406
2014,Hauts Bassins,153530,43472.91406
2014,Hauts Bassins,153530,43472.91406
2014,Hauts Bassins,153530,43472.91406
2014,Hauts Bassins,153530,43472.91406
2014,Hauts Bassins,153530,43472.91406
2014,Hauts Bassins,153530,43472.91406
2014,Hauts Bassins,153530,43472.91406
2014,Hauts Bassins,153530,43472.91406
2014,Hauts Bassins,153530,43472.91406
2014,Hauts Bassins,153530,43472.91406
2014,Hauts Bassins,153530,43472.91406
2014,Hauts Bassins,153530,43472.91406
2014,Hauts Bassins,153530,43472.91406
2014,Hauts Bassins,153530,43472.91406
2014,Hauts Bassins,153530,43472.91406
2014,Hauts Bassins,153530,43472.91406
2014,Hauts Bassins,153530,43472.91406
2014,Hauts Bassins,153530,43472.91406
2014,Hauts Bassins,153530,43472.91406
2014,Hauts Bassins,153530,43472.91406
2014,Hauts Bassins,153530,43472.91406
2014,Hauts Bassins,153530,43472.91406
2014,Hauts Bassins,153530,43472.91406
2014,Hauts Bassins,153530,43472.91406
2014,Hauts Bassins,153530,44166.04688
2014,Hauts Bassins,153530,44166.04688
2014,Hauts Bassins,153530,44166.04688
2014,Hauts Bassins,153530,44166.04688
2014,Hauts Bassins,153530,44166.04688
2014,Hauts Bassins,153530,44166.04688
2014,Hauts Bassins,153530,44166.04688
2014,Hauts Bassins,153530,44166.04688
2014,Hauts Bassins,153530,44166.04688
2014,Hauts Bassins,153530,44166.04688
2014,Hauts Bassins,153530,44166.04688
2014,Hauts Bassins,153530,80535.53125
2014,Hauts Bassins,153530,80535.53125
2014,Hauts Bassins,153530,80535.53125
2014,Hauts Bassins,153530,80535.53125
2014,Hauts Bassins,153530,80535.53125
2014,Hauts Bassins,153530,80535.53125
2014,Hauts Bassins,153530,80535.53125
2014,Hauts Bassins,153530,80535.53125
2014,Hauts Bassins,153530,80535.53125
2014,Hauts Bassins,153530,80535.53125
2014,Hauts Bassins,153530,7808.890625
2014,Hauts Bassins,153530,7808.890625
2014,Hauts Bassins,153530,7808.890625
2014,Hauts Bassins,153530,7808.890625
2014,Hauts Bassins,153530,7808.890625
2014,Hauts Bassins,153530,7808.890625
2014,Hauts Bassins,153530,7808.890625
2014,Hauts Bassins,153530,7808.890625
2014,Hauts Bassins,153530,7808.890625
2014,Hauts Bassins,153530,7808.890625
2014,Hauts Bassins,153530,19394.60938
2014,Hauts Bassins,153530,19394.60938
2014,Hauts Bassins,153530,19394.60938
2014,Hauts Bassins,153530,19394.60938
2014,Hauts Bassins,153530,19394.60938
2014,Hauts Bassins,153530,19394.60938
2014,Hauts Bassins,153530,19394.60938
2014,Hauts Bassins,153530,19394.60938
2014,Hauts Bassins,153530,19394.60938
2014,Hauts Bassins,153530,19394.60938
2014,Hauts Bassins,153530,19394.60938
2014,Hauts Bassins,153530,53844.96875
2014,Hauts Bassins,153530,53844.96875
2014,Hauts Bassins,153530,53844.96875
2014,Hauts Bassins,153530,53844.96875
2014,Hauts Bassins,153530,53844.96875
2014,Hauts Bassins,153530,9921.125
2014,Hauts Bassins,153530,9921.125
2014,Hauts Bassins,153530,9921.125
2014,Hauts Bassins,153530,9921.125
2014,Hauts Bassins,153530,9921.125
2014,Hauts Bassins,153530,9921.125
2014,Hauts Bassins,153530,50059.01563
2014,Hauts Bassins,153530,50059.01563
2014,Hauts Bassins,153530,50059.01563
2014,Hauts Bassins,153530,50059.01563
2014,Hauts Bassins,153530,50059.01563
2014,Hauts Bassins,153530,50059.01563
2014,Hauts Bassins,153530,50059.01563
2014,Hauts Bassins,153530,50059.01563
2014,Hauts Bassins,153530,50059.01563
2014,Hauts Bassins,153530,50059.01563
2014,Hauts Bassins,153530,50059.01563
2014,Hauts Bassins,153530,50059.01563
2014,Hauts Bassins,153530,59882.72656
2014,Hauts Bassins,153530,59882.72656
2014,Hauts Bassins,153530,59882.72656
2014,Hauts Bassins,153530,59882.72656
2014,Hauts Bassins,153530,59882.72656
2014,Hauts Bassins,153530,59882.72656
2014,Hauts Bassins,153530,59882.72656
2014,Hauts Bassins,153530,5925.5
2014,Hauts Bassins,153530,5925.5
2014,Hauts Bassins,153530,5925.5
2014,Hauts Bassins,153530,5925.5
2014,Hauts Bassins,153530,5925.5
2014,Hauts Bassins,153530,26474.53906
2014,Hauts Bassins,153530,26474.53906
2014,Hauts Bassins,153530,26474.53906
2014,Hauts Bassins,153530,26474.53906
2014,Hauts Bassins,153530,26474.53906
2014,Hauts Bassins,153530,26474.53906
2014,Hauts Bassins,153530,67618.77344
2014,Hauts Bassins,153530,67618.77344
2014,Hauts Bassins,153530,67618.77344
2014,Hauts Bassins,153530,67618.77344
2014,Hauts Bassins,153530,67618.77344
2014,Hauts Bassins,153530,67618.77344
2014,Hauts Bassins,153530,67618.77344
2014,Hauts Bassins,153530,67618.77344
2014,Hauts Bassins,153530,67618.77344
2014,Hauts Bassins,153530,9964.109375
2014,Hauts Bassins,153530,9964.109375
2014,Hauts Bassins,153530,9964.109375
2014,Hauts Bassins,153530,9964.109375
2014,Hauts Bassins,153530,9964.109375
2014,Hauts Bassins,153530,9964.109375
2014,Hauts Bassins,153530,9964.109375
2014,Hauts Bassins,153530,9964.109375
2014,Hauts Bassins,153530,9964.109375
2014,Hauts Bassins,153530,9964.109375
2014,Hauts Bassins,153530,9964.109375
2014,Hauts Bassins,153530,825.25
2014,Hauts Bassins,153530,825.25
2014,Hauts Bassins,153530,825.25
2014,Hauts Bassins,153530,825.25
2014,Hauts Bassins,153530,6158.421875
2014,Hauts Bassins,153530,6158.421875
2014,Hauts Bassins,153530,6158.421875
2014,Hauts Bassins,153530,6158.421875
2014,Hauts Bassins,153530,6158.421875
2014,Hauts Bassins,153530,6158.421875
2014,Hauts Bassins,153530,6158.421875
2014,Hauts Bassins,153530,6158.421875
2014,Hauts Bassins,153530,6158.421875
2014,Hauts Bassins,153530,6158.421875
2014,Hauts Bassins,153530,6158.421875
2014,Hauts Bassins,153530,6158.421875
2014,Hauts Bassins,153530,6158.421875
2014,Hauts Bassins,153530,6158.421875
2014,Hauts Bassins,153530,6158.421875
2014,Hauts Bassins,153530,28369.85938
2014,Hauts Bassins,153530,28369.85938
2014,Hauts Bassins,153530,28369.85938
2014,Hauts Bassins,153530,28369.85938
2014,Hauts Bassins,153530,28369.85938
2014,Hauts Bassins,153530,28369.85938
2014,Hauts Bassins,153530,28369.85938
2014,Hauts Bassins,153530,28369.85938
2014,Hauts Bassins,153530,28369.85938
2014,Hauts Bassins,153530,28369.85938
2014,Hauts Bassins,153530,28369.85938
2014,Hauts Bassins,153530,28369.85938
2014,Hauts Bassins,153530,28369.85938
2014,Hauts Bassins,153530,28369.85938
2014,Hauts Bassins,153530,28369.85938
2014,Hauts Bassins,153530,30683.51563
2014,Hauts Bassins,153530,30683.51563
2014,Hauts Bassins,153530,30683.51563
2014,Hauts Bassins,153530,30683.51563
2014,Hauts Bassins,153530,30683.51563
2014,Hauts Bassins,153530,30683.51563
2014,Hauts Bassins,153530,15181.8125
2014,Hauts Bassins,153530,15181.8125
2014,Hauts Bassins,153530,15181.8125
2014,Hauts Bassins,153530,15181.8125
2014,Hauts Bassins,153530,15181.8125
2014,Hauts Bassins,153530,15181.8125
2014,Hauts Bassins,153530,15181.8125
2014,Hauts Bassins,153530,15181.8125
2014,Hauts Bassins,153530,15181.8125
2014,Hauts Bassins,153530,15181.8125
2014,Hauts Bassins,153530,15181.8125
2014,Hauts Bassins,153530,15181.8125
2014,Hauts Bassins,153530,15181.8125
2014,Hauts Bassins,153530,15181.8125
2014,Hauts Bassins,153530,72445.32031
2014,Hauts Bassins,153530,72445.32031
2014,Hauts Bassins,153530,72445.32031
2014,Hauts Bassins,153530,72445.32031
2014,Hauts Bassins,153530,72445.32031
2014,Hauts Bassins,153530,72445.32031
2014,Hauts Bassins,153530,72445.32031
2014,Hauts Bassins,153530,10318.6875
2014,Hauts Bassins,153530,10318.6875
2014,Hauts Bassins,153530,10318.6875
2014,Hauts Bassins,153530,10318.6875
2014,Hauts Bassins,153530,10318.6875
2014,Hauts Bassins,153530,33629.5
2014,Hauts Bassins,153530,33629.5
2014,Hauts Bassins,153530,33629.5
2014,Hauts Bassins,153530,33629.5
2014,Hauts Bassins,153530,33629.5
2014,Hauts Bassins,153530,33629.5
2014,Hauts Bassins,153530,33629.5
2014,Hauts Bassins,153530,33629.5
2014,Hauts Bassins,153530,33629.5
2014,Hauts Bassins,153530,33629.5
2014,Hauts Bassins,153530,39400.28906
2014,Hauts Bassins,153530,39400.28906
2014,Hauts Bassins,153530,39400.28906
2014,Hauts Bassins,153530,39400.28906
2014,Hauts Bassins,153530,39400.28906
2014,Hauts Bassins,153530,39400.28906
2014,Hauts Bassins,153530,39400.28906
2014,Hauts Bassins,153530,39400.28906
2014,Hauts Bassins,153530,13688.07813
2014,Hauts Bassins,153530,13688.07813
2014,Hauts Bassins,153530,13688.07813
2014,Hauts Bassins,153530,13688.07813
2014,Hauts Bassins,153530,13688.07813
2014,Hauts Bassins,153530,13688.07813
2014,Hauts Bassins,153530,13688.07813
2014,Hauts Bassins,153530,13688.07813
2014,Hauts Bassins,153530,9582.015625
2014,Hauts Bassins,153530,9582.015625
2014,Hauts Bassins,153530,9582.015625
2014,Hauts Bassins,153530,9582.015625
2014,Hauts Bassins,153530,9582.015625
2014,Hauts Bassins,153530,9582.015625
2014,Hauts Bassins,153530,9582.015625
2014,Hauts Bassins,153530,9582.015625
2014,Hauts Bassins,153530,9582.015625
2014,Hauts Bassins,153530,9582.015625
2014,Hauts Bassins,153530,9582.015625
2014,Hauts Bassins,153530,9582.015625
2014,Hauts Bassins,153530,9582.015625
2014,Hauts Bassins,153530,9582.015625
2014,Hauts Bassins,153530,9582.015625
2014,Hauts Bassins,153530,9582.015625
2014,Hauts Bassins,153530,9582.015625
2014,Hauts Bassins,153530,9582.015625
2014,Hauts Bassins,153530,9582.015625
2014,Hauts Bassins,153530,39902.96875
2014,Hauts Bassins,153530,39902.96875
2014,Hauts Bassins,153530,39902.96875
2014,Hauts Bassins,153530,39902.96875
2014,Hauts Bassins,153530,39902.96875
2014,Hauts Bassins,153530,39902.96875
2014,Hauts Bassins,153530,39902.96875
2014,Hauts Bassins,153530,39902.96875
2014,Hauts Bassins,153530,3687.5
2014,Hauts Bassins,153530,3687.5
2014,Hauts Bassins,153530,3687.5
2014,Hauts Bassins,153530,3687.5
2014,Hauts Bassins,153530,3687.5
2014,Hauts Bassins,153530,3687.5
2014,Hauts Bassins,153530,3687.5
2014,Hauts Bassins,153530,3687.5
2014,Hauts Bassins,153530,3687.5
2014,Hauts Bassins,153530,12594.39063
2014,Hauts Bassins,153530,12594.39063
2014,Hauts Bassins,153530,12594.39063
2014,Hauts Bassins,153530,12594.39063
2014,Hauts Bassins,153530,12594.39063
2014,Hauts Bassins,153530,12594.39063
2014,Hauts Bassins,153530,12594.39063
2014,Hauts Bassins,153530,21760.54688
2014,Hauts Bassins,153530,21760.54688
2014,Hauts Bassins,153530,21760.54688
2014,Hauts Bassins,153530,21760.54688
2014,Hauts Bassins,153530,21760.54688
2014,Hauts Bassins,153530,21760.54688
2014,Hauts Bassins,153530,57934.59375
2014,Hauts Bassins,153530,57934.59375
2014,Hauts Bassins,153530,57934.59375
2014,Hauts Bassins,153530,57934.59375
2014,Hauts Bassins,153530,57934.59375
2014,Hauts Bassins,153530,57934.59375
2014,Hauts Bassins,153530,57934.59375
2014,Hauts Bassins,153530,57934.59375
2014,Hauts Bassins,153530,57934.59375
2014,Hauts Bassins,153530,57934.59375
2014,Hauts Bassins,153530,57934.59375
2014,Hauts Bassins,153530,57934.59375
2014,Hauts Bassins,153530,57934.59375
2014,Hauts Bassins,153530,57934.59375
2014,Hauts Bassins,153530,57934.59375
2014,Hauts Bassins,153530,4161.90625
2014,Hauts Bassins,153530,4161.90625
2014,Hauts Bassins,153530,4161.90625
2014,Hauts Bassins,153530,4161.90625
2014,Hauts Bassins,153530,4161.90625
2014,Hauts Bassins,153530,4161.90625
2014,Hauts Bassins,153530,4161.90625
2014,Hauts Bassins,153530,4161.90625
2014,Hauts Bassins,153530,8899.703125
2014,Hauts Bassins,153530,8899.703125
2014,Hauts Bassins,153530,8899.703125
2014,Hauts Bassins,153530,8899.703125
2014,Hauts Bassins,153530,8899.703125
2014,Hauts Bassins,153530,8899.703125
2014,Hauts Bassins,153530,8899.703125
2014,Hauts Bassins,153530,8899.703125
2014,Hauts Bassins,153530,8899.703125
2014,Hauts Bassins,153530,8899.703125
2014,Hauts Bassins,153530,8899.703125
2014,Hauts Bassins,153530,8899.703125
2014,Hauts Bassins,153530,25920.32031
2014,Hauts Bassins,153530,25920.32031
2014,Hauts Bassins,153530,25920.32031
2014,Hauts Bassins,153530,25920.32031
2014,Hauts Bassins,153530,25920.32031
2014,Hauts Bassins,153530,25920.32031
2014,Hauts Bassins,153530,25920.32031
2014,Hauts Bassins,153530,25920.32031
2014,Hauts Bassins,153530,71625.07813
2014,Hauts Bassins,153530,71625.07813
2014,Hauts Bassins,153530,71625.07813
2014,Hauts Bassins,153530,71625.07813
2014,Hauts Bassins,153530,71625.07813
2014,Hauts Bassins,153530,71625.07813
2014,Hauts Bassins,153530,71625.07813
2014,Hauts Bassins,153530,71625.07813
2014,Hauts Bassins,153530,71625.07813
2014,Hauts Bassins,153530,71625.07813
2014,Hauts Bassins,153530,71625.07813
2014,Hauts Bassins,153530,71625.07813
2014,Hauts Bassins,153530,71625.07813
2014,Hauts Bassins,153530,71625.07813
2014,Hauts Bassins,153530,71625.07813
2014,Hauts Bassins,153530,43148.90625
2014,Hauts Bassins,153530,43148.90625
2014,Hauts Bassins,153530,43148.90625
2014,Hauts Bassins,153530,43148.90625
2014,Hauts Bassins,153530,43148.90625
2014,Hauts Bassins,153530,43148.90625
2014,Hauts Bassins,153530,43148.90625
2014,Hauts Bassins,153530,39458.8125
2014,Hauts Bassins,153530,39458.8125
2014,Hauts Bassins,153530,39458.8125
2014,Hauts Bassins,153530,39458.8125
2014,Hauts Bassins,153530,39458.8125
2014,Hauts Bassins,153530,39458.8125
2014,Hauts Bassins,153530,39458.8125
2014,Hauts Bassins,153530,39458.8125
2014,Hauts Bassins,153530,39458.8125
2014,Hauts Bassins,153530,39458.8125
2014,Hauts Bassins,153530,40124.23438
2014,Hauts Bassins,153530,40124.23438
2014,Hauts Bassins,153530,40124.23438
2014,Hauts Bassins,153530,40124.23438
2014,Hauts Bassins,153530,40124.23438
2014,Hauts Bassins,153530,40124.23438
2014,Hauts Bassins,153530,40124.23438
2014,Hauts Bassins,153530,40124.23438
2014,Hauts Bassins,153530,40124.23438
2014,Hauts Bassins,153530,40124.23438
2014,Hauts Bassins,153530,3221.046875
2014,Hauts Bassins,153530,3221.046875
2014,Hauts Bassins,153530,3221.046875
2014,Hauts Bassins,153530,3221.046875
2014,Hauts Bassins,153530,3221.046875
2014,Hauts Bassins,153530,3221.046875
2014,Hauts Bassins,153530,3221.046875
2014,Hauts Bassins,153530,3221.046875
2014,Hauts Bassins,153530,3221.046875
2014,Hauts Bassins,153530,3221.046875
2014,Hauts Bassins,153530,3221.046875
2014,Hauts Bassins,153530,3221.046875
2014,Hauts Bassins,153530,3221.046875
2014,Hauts Bassins,153530,3221.046875
2014,Hauts Bassins,153530,3221.046875
2014,Hauts Bassins,153530,3221.046875
2014,Hauts Bassins,153530,3221.046875
2014,Hauts Bassins,153530,3221.046875
2014,Hauts Bassins,153530,100780.0273
2014,Hauts Bassins,153530,100780.0273
2014,Hauts Bassins,153530,100780.0273
2014,Hauts Bassins,153530,100780.0273
2014,Hauts Bassins,153530,100780.0273
2014,Hauts Bassins,153530,100780.0273
2014,Hauts Bassins,153530,100780.0273
2014,Hauts Bassins,153530,100780.0273
2014,Hauts Bassins,153530,100780.0273
2014,Hauts Bassins,153530,100780.0273
2014,Hauts Bassins,153530,100780.0273
2014,Hauts Bassins,153530,100780.0273
2014,Hauts Bassins,153530,100780.0273
2014,Hauts Bassins,153530,100780.0273
2014,Hauts Bassins,153530,100780.0273
2014,Hauts Bassins,153530,100780.0273
2014,Hauts Bassins,153530,100780.0273
2014,Hauts Bassins,153530,100780.0273
2014,Hauts Bassins,153530,100780.0273
2014,Hauts Bassins,153530,100780.0273
2014,Hauts Bassins,153530,100780.0273
2014,Hauts Bassins,153530,100780.0273
2014,Hauts Bassins,153530,100780.0273
2014,Hauts Bassins,153530,100780.0273
2014,Hauts Bassins,153530,64519.5625
2014,Hauts Bassins,153530,64519.5625
2014,Hauts Bassins,153530,64519.5625
2014,Hauts Bassins,153530,64519.5625
2014,Hauts Bassins,153530,64519.5625
2014,Hauts Bassins,153530,64519.5625
2014,Hauts Bassins,153530,64519.5625
2014,Hauts Bassins,153530,64519.5625
2014,Hauts Bassins,153530,64519.5625
2014,Hauts Bassins,153530,64519.5625
2014,Hauts Bassins,153530,64519.5625
2014,Hauts Bassins,153530,64519.5625
2014,Hauts Bassins,153530,77.15625
2014,Hauts Bassins,153530,77.15625
2014,Hauts Bassins,153530,77.15625
2014,Hauts Bassins,153530,77.15625
2014,Hauts Bassins,153530,77.15625
2014,Hauts Bassins,153530,77.15625
2014,Hauts Bassins,153530,77.15625
2014,Hauts Bassins,153530,77.15625
2014,Hauts Bassins,153530,7460.5
2014,Hauts Bassins,153530,7460.5
2014,Hauts Bassins,153530,7460.5
2014,Hauts Bassins,153530,7460.5
2014,Hauts Bassins,153530,7460.5
2014,Hauts Bassins,153530,7460.5
2014,Hauts Bassins,153530,38300.32031
2014,Hauts Bassins,153530,38300.32031
2014,Hauts Bassins,153530,38300.32031
2014,Hauts Bassins,153530,38300.32031
2014,Hauts Bassins,153530,38300.32031
2014,Hauts Bassins,153530,18042.4375
2014,Hauts Bassins,153530,18042.4375
2014,Hauts Bassins,153530,18042.4375
2014,Hauts Bassins,153530,18042.4375
2014,Hauts Bassins,153530,18042.4375
2014,Hauts Bassins,153530,18042.4375
2014,Hauts Bassins,153530,1410.484375
2014,Hauts Bassins,153530,1410.484375
2014,Hauts Bassins,153530,1410.484375
2014,Hauts Bassins,153530,24619.23438
2014,Hauts Bassins,153530,24619.23438
2014,Hauts Bassins,153530,24619.23438
2014,Hauts Bassins,153530,24619.23438
2014,Hauts Bassins,153530,36239.89844
2014,Hauts Bassins,153530,36239.89844
2014,Hauts Bassins,153530,36239.89844
2014,Hauts Bassins,153530,36239.89844
2014,Hauts Bassins,153530,36239.89844
2014,Hauts Bassins,153530,36239.89844
2014,Hauts Bassins,153530,37066.46875
2014,Hauts Bassins,153530,37066.46875
2014,Hauts Bassins,153530,37066.46875
2014,Hauts Bassins,153530,37066.46875
2014,Hauts Bassins,153530,37066.46875
2014,Hauts Bassins,153530,37066.46875
2014,Hauts Bassins,153530,37066.46875
2014,Hauts Bassins,153530,37066.46875
2014,Hauts Bassins,153530,37066.46875
2014,Hauts Bassins,153530,37066.46875
2014,Hauts Bassins,153530,37066.46875
2014,Hauts Bassins,153530,84989.58594
2014,Hauts Bassins,153530,84989.58594
2014,Hauts Bassins,153530,84989.58594
2014,Hauts Bassins,153530,84989.58594
2014,Hauts Bassins,153530,84989.58594
2014,Hauts Bassins,153530,84989.58594
2014,Hauts Bassins,153530,25459.64063
2014,Hauts Bassins,153530,25459.64063
2014,Hauts Bassins,153530,25459.64063
2014,Hauts Bassins,153530,25459.64063
2014,Hauts Bassins,153530,25459.64063
2014,Hauts Bassins,153530,25459.64063
2014,Hauts Bassins,153530,25459.64063
2014,Hauts Bassins,153530,25459.64063
2014,Hauts Bassins,153530,25459.64063
2014,Hauts Bassins,153530,25459.64063
2014,Hauts Bassins,153530,25459.64063
2014,Hauts Bassins,153530,25459.64063
2014,Hauts Bassins,153530,25459.64063
2014,Hauts Bassins,153530,25459.64063
2014,Hauts Bassins,153530,25459.64063
2014,Hauts Bassins,153530,25459.64063
2014,Hauts Bassins,153530,10584.10938
2014,Hauts Bassins,153530,10584.10938
2014,Hauts Bassins,153530,10584.10938
2014,Hauts Bassins,153530,10584.10938
2014,Hauts Bassins,153530,22752.05469
2014,Hauts Bassins,153530,22752.05469
2014,Hauts Bassins,153530,22752.05469
2014,Hauts Bassins,153530,22752.05469
2014,Hauts Bassins,153530,22752.05469
2014,Hauts Bassins,153530,22752.05469
2014,Hauts Bassins,153530,22752.05469
2014,Hauts Bassins,153530,18537.21875
2014,Hauts Bassins,153530,18537.21875
2014,Hauts Bassins,153530,18537.21875
2014,Hauts Bassins,153530,18537.21875
2014,Hauts Bassins,153530,18537.21875
2014,Hauts Bassins,153530,18537.21875
2014,Hauts Bassins,153530,18537.21875
2014,Hauts Bassins,153530,18537.21875
2014,Hauts Bassins,153530,18537.21875
2014,Hauts Bassins,153530,18537.21875
2014,Hauts Bassins,153530,52312.36719
2014,Hauts Bassins,153530,52312.36719
2014,Hauts Bassins,153530,52312.36719
2014,Hauts Bassins,153530,52312.36719
2014,Hauts Bassins,153530,52312.36719
2014,Hauts Bassins,153530,52312.36719
2014,Hauts Bassins,153530,26867.38281
2014,Hauts Bassins,153530,26867.38281
2014,Hauts Bassins,153530,26867.38281
2014,Hauts Bassins,153530,26867.38281
2014,Hauts Bassins,153530,26867.38281
2014,Hauts Bassins,153530,26867.38281
2014,Hauts Bassins,153530,26867.38281
2014,Hauts Bassins,153530,58891.07813
2014,Hauts Bassins,153530,58891.07813
2014,Hauts Bassins,153530,58891.07813
2014,Hauts Bassins,153530,58891.07813
2014,Hauts Bassins,153530,58891.07813
2014,Hauts Bassins,153530,58891.07813
2014,Hauts Bassins,153530,58891.07813
2014,Hauts Bassins,153530,58891.07813
2014,Hauts Bassins,153530,58891.07813
2014,Hauts Bassins,153530,36303.32813
2014,Hauts Bassins,153530,36303.32813
2014,Hauts Bassins,153530,36303.32813
2014,Hauts Bassins,153530,36303.32813
2014,Hauts Bassins,153530,36303.32813
2014,Hauts Bassins,153530,36303.32813
2014,Hauts Bassins,153530,36303.32813
2014,Hauts Bassins,153530,36303.32813
2014,Hauts Bassins,153530,36303.32813
2014,Hauts Bassins,153530,36303.32813
2014,Hauts Bassins,153530,36303.32813
2014,Hauts Bassins,153530,36303.32813
2014,Hauts Bassins,153530,36303.32813
2014,Hauts Bassins,153530,36303.32813
2014,Hauts Bassins,153530,36303.32813
2014,Hauts Bassins,153530,36303.32813
2014,Hauts Bassins,153530,36303.32813
2014,Hauts Bassins,153530,36303.32813
2014,Hauts Bassins,153530,36303.32813
2014,Hauts Bassins,153530,36303.32813
2014,Hauts Bassins,153530,36303.32813
2014,Hauts Bassins,153530,36303.32813
2014,Hauts Bassins,153530,36303.32813
2014,Hauts Bassins,153530,36303.32813
2014,Hauts Bassins,153530,36303.32813
2014,Hauts Bassins,153530,36303.32813
2014,Hauts Bassins,153530,36303.32813
2014,Hauts Bassins,153530,36303.32813
2014,Hauts Bassins,153530,36303.32813
2014,Hauts Bassins,153530,36303.32813
2014,Hauts Bassins,153530,36303.32813
2014,Hauts Bassins,153530,36303.32813
2014,Hauts Bassins,153530,31097.97656
2014,Hauts Bassins,153530,31097.97656
2014,Hauts Bassins,153530,31097.97656
2014,Hauts Bassins,153530,31097.97656
2014,Hauts Bassins,153530,31097.97656
2014,Hauts Bassins,153530,31097.97656
2014,Hauts Bassins,153530,31097.97656
2014,Hauts Bassins,153530,8867.140625
2014,Hauts Bassins,153530,8867.140625
2014,Hauts Bassins,153530,8867.140625
2014,Hauts Bassins,153530,8867.140625
2014,Hauts Bassins,153530,8867.140625
2014,Hauts Bassins,153530,8867.140625
2014,Hauts Bassins,153530,8867.140625
2014,Hauts Bassins,153530,8867.140625
2014,Hauts Bassins,153530,8867.140625
2014,Hauts Bassins,153530,8867.140625
2014,Hauts Bassins,153530,45172.61719
2014,Hauts Bassins,153530,45172.61719
2014,Hauts Bassins,153530,45172.61719
2014,Hauts Bassins,153530,45172.61719
2014,Hauts Bassins,153530,45172.61719
2014,Hauts Bassins,153530,45172.61719
2014,Hauts Bassins,153530,45172.61719
2014,Hauts Bassins,153530,45172.61719
2014,Hauts Bassins,153530,45172.61719
2014,Hauts Bassins,153530,33368.41406
2014,Hauts Bassins,153530,33368.41406
2014,Hauts Bassins,153530,33368.41406
2014,Hauts Bassins,153530,33368.41406
2014,Hauts Bassins,153530,33368.41406
2014,Hauts Bassins,153530,33368.41406
2014,Hauts Bassins,153530,32478.61719
2014,Hauts Bassins,153530,32478.61719
2014,Hauts Bassins,153530,32478.61719
2014,Hauts Bassins,153530,32478.61719
2014,Hauts Bassins,153530,9980.125
2014,Hauts Bassins,153530,9980.125
2014,Hauts Bassins,153530,9980.125
2014,Hauts Bassins,153530,9980.125
2014,Hauts Bassins,153530,9980.125
2014,Hauts Bassins,153530,9980.125
2014,Hauts Bassins,153530,9980.125
2014,Hauts Bassins,153530,9980.125
2014,Hauts Bassins,153530,9980.125
2014,Hauts Bassins,153530,9980.125
2014,Hauts Bassins,153530,9980.125
2014,Hauts Bassins,153530,60671.9375
2014,Hauts Bassins,153530,60671.9375
2014,Hauts Bassins,153530,60671.9375
2014,Hauts Bassins,153530,60671.9375
2014,Hauts Bassins,153530,60671.9375
2014,Hauts Bassins,153530,60671.9375
2014,Hauts Bassins,153530,60671.9375
2014,Hauts Bassins,153530,60671.9375
2014,Hauts Bassins,153530,60671.9375
2014,Hauts Bassins,153530,14349.01563
2014,Hauts Bassins,153530,14349.01563
2014,Hauts Bassins,153530,14349.01563
2014,Hauts Bassins,153530,14349.01563
2014,Hauts Bassins,153530,14349.01563
2014,Hauts Bassins,153530,2039.609375
2014,Hauts Bassins,153530,2039.609375
2014,Hauts Bassins,153530,2039.609375
2014,Hauts Bassins,153530,2039.609375
2014,Hauts Bassins,153530,30341.20313
2014,Hauts Bassins,153530,30341.20313
2014,Hauts Bassins,153530,30341.20313
2014,Hauts Bassins,153530,30341.20313
2014,Hauts Bassins,153530,30341.20313
2014,Hauts Bassins,153530,30341.20313
2014,Hauts Bassins,153530,30341.20313
2014,Hauts Bassins,153530,30341.20313
2014,Hauts Bassins,153530,30341.20313
2014,Hauts Bassins,153530,30341.20313
2014,Hauts Bassins,153530,30341.20313
2014,Hauts Bassins,153530,30341.20313
2014,Hauts Bassins,153530,30341.20313
2014,Hauts Bassins,153530,30341.20313
2014,Hauts Bassins,153530,30341.20313
2014,Hauts Bassins,153530,43911.80469
2014,Hauts Bassins,153530,43911.80469
2014,Hauts Bassins,153530,43911.80469
2014,Hauts Bassins,153530,43911.80469
2014,Hauts Bassins,153530,43911.80469
2014,Hauts Bassins,153530,43911.80469
2014,Hauts Bassins,153530,43911.80469
2014,Hauts Bassins,153530,43911.80469
2014,Hauts Bassins,153530,43911.80469
2014,Hauts Bassins,153530,41016.8125
2014,Hauts Bassins,153530,41016.8125
2014,Hauts Bassins,153530,41016.8125
2014,Hauts Bassins,153530,41016.8125
2014,Hauts Bassins,153530,41016.8125
2014,Hauts Bassins,153530,41016.8125
2014,Hauts Bassins,153530,41016.8125
2014,Hauts Bassins,153530,41016.8125
2014,Hauts Bassins,153530,41016.8125
2014,Hauts Bassins,153530,41016.8125
2014,Hauts Bassins,153530,11279.375
2014,Hauts Bassins,153530,11279.375
2014,Hauts Bassins,153530,11279.375
2014,Hauts Bassins,153530,11279.375
2014,Hauts Bassins,153530,11279.375
2014,Hauts Bassins,153530,11279.375
2014,Hauts Bassins,153530,11279.375
2014,Hauts Bassins,153530,11279.375
2014,Hauts Bassins,153530,30031.94531
2014,Hauts Bassins,153530,30031.94531
2014,Hauts Bassins,153530,30031.94531
2014,Hauts Bassins,153530,30031.94531
2014,Hauts Bassins,153530,30031.94531
2014,Hauts Bassins,153530,68025.11719
2014,Hauts Bassins,153530,68025.11719
2014,Hauts Bassins,153530,68025.11719
2014,Hauts Bassins,153530,68025.11719
2014,Hauts Bassins,153530,68025.11719
2014,Hauts Bassins,153530,68025.11719
2014,Hauts Bassins,153530,68025.11719
2014,Hauts Bassins,153530,68025.11719
2014,Hauts Bassins,153530,68025.11719
2014,Hauts Bassins,153530,68025.11719
2014,Hauts Bassins,153530,68025.11719
2014,Hauts Bassins,153530,3849.6875
2014,Hauts Bassins,153530,3849.6875
2014,Hauts Bassins,153530,3849.6875
2014,Hauts Bassins,153530,3849.6875
2014,Hauts Bassins,153530,3849.6875
2014,Hauts Bassins,153530,3849.6875
2014,Hauts Bassins,153530,3849.6875
2014,Hauts Bassins,153530,3849.6875
2014,Hauts Bassins,153530,3849.6875
2014,Hauts Bassins,153530,3849.6875
2014,Hauts Bassins,153530,3849.6875
2014,Hauts Bassins,153530,3849.6875
2014,Hauts Bassins,153530,63033.25
2014,Hauts Bassins,153530,63033.25
2014,Hauts Bassins,153530,63033.25
2014,Hauts Bassins,153530,63033.25
2014,Hauts Bassins,153530,63033.25
2014,Hauts Bassins,153530,63033.25
2014,Hauts Bassins,153530,63033.25
2014,Hauts Bassins,153530,63033.25
2014,Hauts Bassins,153530,63033.25
2014,Hauts Bassins,153530,63033.25
2014,Hauts Bassins,153530,63033.25
2014,Hauts Bassins,153530,63033.25
2014,Hauts Bassins,153530,63033.25
2014,Hauts Bassins,153530,63033.25
2014,Hauts Bassins,153530,63033.25
2014,Hauts Bassins,153530,63033.25
2014,Hauts Bassins,153530,25382.72656
2014,Hauts Bassins,153530,25382.72656
2014,Hauts Bassins,153530,25382.72656
2014,Hauts Bassins,153530,25382.72656
2014,Hauts Bassins,153530,25382.72656
2014,Hauts Bassins,153530,37520.375
2014,Hauts Bassins,153530,37520.375
2014,Hauts Bassins,153530,37520.375
2014,Hauts Bassins,153530,37520.375
2014,Hauts Bassins,153530,37520.375
2014,Hauts Bassins,153530,37520.375
2014,Hauts Bassins,153530,35919.45313
2014,Hauts Bassins,153530,35919.45313
2014,Hauts Bassins,153530,35919.45313
2014,Hauts Bassins,153530,35919.45313
2014,Hauts Bassins,153530,35919.45313
2014,Hauts Bassins,153530,35919.45313
2014,Hauts Bassins,153530,35919.45313
2014,Hauts Bassins,153530,35919.45313
2014,Hauts Bassins,153530,35919.45313
2014,Hauts Bassins,153530,35919.45313
2014,Hauts Bassins,153530,47243.25781
2014,Hauts Bassins,153530,47243.25781
2014,Hauts Bassins,153530,47243.25781
2014,Hauts Bassins,153530,47243.25781
2014,Hauts Bassins,153530,47243.25781
2014,Hauts Bassins,153530,47243.25781
2014,Hauts Bassins,153530,14867.28125
2014,Hauts Bassins,153530,14867.28125
2014,Hauts Bassins,153530,14867.28125
2014,Hauts Bassins,153530,14867.28125
2014,Hauts Bassins,153530,14867.28125
2014,Hauts Bassins,153530,14867.28125
2014,Hauts Bassins,153530,14867.28125
2014,Hauts Bassins,153530,16451.5
2014,Hauts Bassins,153530,16451.5
2014,Hauts Bassins,153530,16451.5
2014,Hauts Bassins,153530,16451.5
2014,Hauts Bassins,153530,16451.5
2014,Hauts Bassins,153530,16451.5
2014,Hauts Bassins,153530,6173.578125
2014,Hauts Bassins,153530,6173.578125
2014,Hauts Bassins,153530,6173.578125
2014,Hauts Bassins,153530,6173.578125
2014,Hauts Bassins,153530,6173.578125
2014,Hauts Bassins,153530,6173.578125
2014,Hauts Bassins,153530,6173.578125
2014,Hauts Bassins,153530,6173.578125
2014,Hauts Bassins,153530,28857.67969
2014,Hauts Bassins,153530,28857.67969
2014,Hauts Bassins,153530,28857.67969
2014,Hauts Bassins,153530,28857.67969
2014,Hauts Bassins,153530,28857.67969
2014,Hauts Bassins,153530,28857.67969
2014,Hauts Bassins,153530,28857.67969
2014,Hauts Bassins,153530,28857.67969
2014,Hauts Bassins,153530,28857.67969
2014,Hauts Bassins,153530,78905.85938
2014,Hauts Bassins,153530,78905.85938
2014,Hauts Bassins,153530,78905.85938
2014,Hauts Bassins,153530,78905.85938
2014,Hauts Bassins,153530,78905.85938
2014,Hauts Bassins,153530,78905.85938
2014,Hauts Bassins,153530,78905.85938
2014,Hauts Bassins,153530,78905.85938
2014,Hauts Bassins,153530,78905.85938
2014,Hauts Bassins,153530,78905.85938
2014,Hauts Bassins,153530,78905.85938
2014,Hauts Bassins,153530,78905.85938
2014,Hauts Bassins,153530,78905.85938
2014,Hauts Bassins,153530,78905.85938
2014,Hauts Bassins,153530,78905.85938
2014,Hauts Bassins,153530,78905.85938
2014,Hauts Bassins,153530,37152.85938
2014,Hauts Bassins,153530,37152.85938
2014,Hauts Bassins,153530,37152.85938
2014,Hauts Bassins,153530,37152.85938
2014,Hauts Bassins,153530,37152.85938
2014,Hauts Bassins,153530,37152.85938
2014,Hauts Bassins,153530,37152.85938
2014,Hauts Bassins,153530,37152.85938
2014,Hauts Bassins,153530,41388.23438
2014,Hauts Bassins,153530,41388.23438
2014,Hauts Bassins,153530,41388.23438
2014,Hauts Bassins,153530,41388.23438
2014,Hauts Bassins,153530,41388.23438
2014,Hauts Bassins,153530,41388.23438
2014,Hauts Bassins,153530,41388.23438
2014,Hauts Bassins,153530,41388.23438
2014,Hauts Bassins,153530,41388.23438
2014,Hauts Bassins,153530,41388.23438
2014,Hauts Bassins,153530,41388.23438
2014,Hauts Bassins,153530,41388.23438
2014,Hauts Bassins,153530,19737.82813
2014,Hauts Bassins,153530,19737.82813
2014,Hauts Bassins,153530,19737.82813
2014,Hauts Bassins,153530,19737.82813
2014,Hauts Bassins,153530,19737.82813
2014,Hauts Bassins,153530,19737.82813
2014,Hauts Bassins,153530,40483.28125
2014,Hauts Bassins,153530,40483.28125
2014,Hauts Bassins,153530,40483.28125
2014,Hauts Bassins,153530,40483.28125
2014,Hauts Bassins,153530,40483.28125
2014,Hauts Bassins,153530,40483.28125
2014,Hauts Bassins,153530,40483.28125
2014,Hauts Bassins,153530,40483.28125
2014,Hauts Bassins,153530,40483.28125
2014,Hauts Bassins,153530,40483.28125
2014,Hauts Bassins,153530,40483.28125
2014,Hauts Bassins,153530,40483.28125
2014,Hauts Bassins,153530,40483.28125
2014,Hauts Bassins,153530,40483.28125
2014,Hauts Bassins,153530,40483.28125
2014,Hauts Bassins,153530,40483.28125
2014,Hauts Bassins,153530,40483.28125
2014,Hauts Bassins,153530,40483.28125
2014,Hauts Bassins,153530,40483.28125
2014,Hauts Bassins,153530,41972.22656
2014,Hauts Bassins,153530,41972.22656
2014,Hauts Bassins,153530,41972.22656
2014,Hauts Bassins,153530,41972.22656
2014,Hauts Bassins,153530,41972.22656
2014,Hauts Bassins,153530,41972.22656
2014,Hauts Bassins,153530,41972.22656
2014,Hauts Bassins,153530,41972.22656
2014,Hauts Bassins,153530,41972.22656
2014,Hauts Bassins,153530,41972.22656